MONTH,CPI_adv,CPI_world,CPI_dev,Ghana_NEER,Ghana_official,Ghana_REER,CoteIvoire_NEER,CoteIvoire_official,CoteIvoire_REER,Nigeria_NEER,Nigeria_official,Nigeria_REER,Cameroon_NEER,Cameroon_official,Cameroon_REER,TAVG,TMAX,TMIN,PRCP,ICCO_price
1994-10-01,75.88387849,64.98973442,42.12853109,1399.33457,0.100952381,103.7190781,88.58805717,520.1471429,83.4004612,677.439967,22,192.2562,96.58446903,520.59,96.90400083,78.91780822,84.48571429,72.42857143,0.213829787,1447.960952
1994-11-01,75.9393773,65.16764691,42.57065548,1368.652319,0.102372727,104.5659125,87.90371082,528.1845455,83.03077357,708.9074742,21.96954545,192.2562,95.939296,529.49,96.37152692,81.02439024,90.05714286,72.3,0.141764706,1436.980455
1994-12-01,75.98184526,65.36083098,43.08234781,1361.858466,0.103445455,107.1391971,87.3646154,541.0572727,82.46664497,674.0164994,21.98590909,192.2562,95.43694137,541.45,96.50150977,NA,NA,NA,NA,1399.390476
1995-01-01,76.24233268,65.88298878,44.17567816,1333.132321,0.104090909,108.4675343,88.27011637,528.7684091,85.62915143,647.5375778,21.98090909,189.758268,96.31740643,529.43,94.60676979,85,NA,NA,NA,1468.818095
1995-02-01,76.47100301,66.19716905,44.67373821,1309.458114,0.105675,110.0037057,88.59026923,522.44,85.76622613,650.5617408,21.99941033,184.6374253,96.60030683,522.89,94.15217256,84.81034483,95.61764706,76.23076923,0.147142857,1510.4375
1995-03-01,76.68461091,66.46249774,45.05069917,1246.095245,0.107043478,109.403942,90.3271528,497.9978261,89.07315239,648.9743571,21.99528265,179.2667854,98.35446193,498.33,94.33238365,82.38461538,91.62650602,74.26666667,0.245932203,1484.936087
1995-04-01,76.94351457,66.88652165,45.82879565,1185.181731,0.11115,109.1716534,91.21941043,483.6745,90.45865272,649.4957844,21.99067251,173.8961456,99.18537506,484.6,97.32239945,82.67346939,92.47368421,74.81443299,0.244637681,1469.196842
1995-05-01,77.09784392,67.17350056,46.39955798,1181.302078,0.112521739,114.6211655,89.4661032,498.45,88.50489547,652.5783096,21.98606238,168.5255057,97.33181614,499.08,93.70239298,82,90.25,74.66666667,0.2685,1445.352727
1995-06-01,77.19004214,67.26129863,46.47845362,1150.522237,0.115045455,117.5135085,90.33166975,490.6788636,88.94405699,657.7367278,21.98123782,162.9050686,98.19663109,491.64,93.73706295,80.18548387,88.19318182,73.5,0.286901408,1437.17
1995-07-01,77.12248895,67.23676638,46.5453902,1135.171695,0.118595238,122.6090786,91.51081862,483.0352381,90.05999645,658.8594887,21.97662768,157.5344288,99.36658415,483.25,95.16227565,78.52631579,85.62857143,72.75,0.194444444,1364.013333
1995-08-01,77.29278375,67.54720955,47.15578673,1134.930882,0.119730435,127.8329195,91.19747199,496.9107609,89.4160152,653.7405497,21.97191033,152.0388903,99.01329855,497.14,94.23634028,77.57142857,84.06666667,71.94117647,0.109333333,1412.977826
1995-09-01,77.55489559,68.00442337,48.03069979,1107.869516,0.125271429,129.5481146,91.04793411,503.7272619,89.45230776,669.6394727,21.96719298,146.5433518,98.88827972,504.31,95.0440865,78.61111111,85.85714286,73.22222222,0.004,1396.902381
1995-10-01,77.58799968,68.11394635,48.30346596,1024.215791,0.132818182,124.5469764,91.56949601,492.8022727,90.81267797,677.439967,21.96258285,141.172712,99.4406148,494.11,95.79615439,77.8,85.5,74,NA,1394.58
1995-11-01,77.57952318,68.17645332,48.5171366,985.4882531,0.138754545,124.4065206,92.5214551,487.6322727,91.75632867,708.9074742,21.9578655,135.6771735,100.4061592,488.65,98.08353168,83,89,NA,NA,1436.559091
1995-12-01,77.63438237,68.30461647,48.79863743,967.2345966,0.144442857,126.1468534,91.92924135,495.3130952,91.09123679,674.0164994,21.95325536,130.3065336,99.80153047,496.37,98.30283595,81.14285714,90,74.5,NA,1378.81
1996-01-01,77.86901672,68.70026962,49.54286183,948.9828717,0.146530435,127.0268237,92.03339955,499.243913,89.67859735,665.4490785,21.94853801,124.8109952,99.86218213,500.56,97.88978153,82.16666667,NA,75.5,NA,1349.541364
1996-02-01,78.07368433,69.01959993,50.10778847,922.72561,0.152290476,126.7424561,91.70752951,504.147619,89.31773695,669.8110591,21.94382066,119.3154567,99.44029554,504.06,96.54352257,84.28571429,NA,NA,NA,1369.839524
1996-03-01,78.39116333,69.36036429,50.49983658,896.3108595,0.155633333,126.0146322,91.59564247,505.4928571,88.38510238,669.2162352,21.93931774,114.0697154,99.4322345,505.91,96.24312422,84,90.5,NA,NA,1338.600952
1996-04-01,78.69838591,69.79737308,51.2152206,890.1951728,0.159022727,127.3692245,91.59646901,509.9920455,88.679043,357.0466959,21.9347076,108.6990756,99.48989958,510.6,96.04046377,83.66666667,NA,75,NA,1456.279524
1996-05-01,78.86892234,70.00747947,51.51061125,882.7223734,0.161543478,127.9390665,91.01328613,518.8804348,88.51041329,181.1894246,21.92988304,103.0786385,98.78233156,519.14,96.41622192,80.88636364,87.96969697,75.03030303,0.312258065,1524.020455
1996-06-01,78.86043507,69.96803715,51.40508743,866.7560441,0.16261,127.422445,91.1998766,517.503,88.77387044,185.0849733,21.9252729,97.70799864,98.93467501,517.68,95.30599302,78.90909091,87.14285714,73.16666667,0.1575,1537.5725
1996-07-01,78.88665661,69.95801244,51.31787267,848.2713852,0.167621739,126.6329239,92.02911779,509.0828261,89.33817144,185.9380218,21.92066277,92.33735877,99.67555784,509.34,96.64922408,77.1011236,83.90123457,72.43589744,0.216615385,1495.68
1996-08-01,78.96336135,70.18790514,51.87487433,831.2412259,0.169209091,126.317091,92.15701596,506.1090909,89.92407922,185.3366929,21.91583821,86.7169217,99.72361456,506,97.46253059,76.50632911,82.68656716,72.17910448,0.131967213,1499.883182
1996-09-01,79.20454525,70.56080946,52.52994167,835.5737538,0.169447619,129.4262165,91.7102428,512.4714286,90.03772163,191.1570616,21.91122807,81.34628184,99.27619731,512.83,96.60096721,77,84.49019608,71.94117647,0.101219512,1476.279048
1996-10-01,79.36740039,70.69869004,52.6153883,825.2026214,0.171862319,130.5706651,91.65706689,516.4,89.89309459,193.98537,21.90651072,75.85074337,99.23477185,516.67,96.65364469,80.46153846,89,72.2,0.005,1476.980435
1996-11-01,79.39817674,70.76431426,52.75549275,817.6415047,0.172722222,133.2767426,91.90459385,511.4240476,90.41834171,201.1045355,21.90179337,70.3552049,99.38153749,511.6,96.19238268,81.25,90.09375,73.92753623,0.03875,1469.277143
1996-12-01,79.50055361,70.94511378,53.10305745,827.8908565,0.173259091,138.8083755,91.13943222,524.3356818,89.3111607,194.9291022,21.89718324,64.98456504,98.61161981,524.23,95.39989552,80.06896552,88.2037037,73.80851064,0.00195122,1474.384
1997-01-01,79.68173287,71.1686609,53.41878223,831.8405842,0.173991304,141.9137267,90.10851658,540.7315217,88.28478184,192.351369,21.89235867,62.19587909,97.65793149,541.69,95.57914481,81.45121951,90.4,74.40740741,0.051724138,1428.479545
1997-02-01,79.81530716,71.41869566,53.91790566,800.2830153,0.178275,139.0897032,88.89137962,564.92625,87.02457449,193.3174277,21.89,62.59153325,96.60885689,565.48,94.82911176,83.42,93.7,74.07142857,0,1372.742
1997-03-01,79.96135189,71.51170358,53.89853659,808.2172817,0.186095238,142.650793,88.73774804,571.472619,86.99499948,188.2229596,21.89,63.41678619,96.48189363,571.95,96.09718024,83.26956522,92.33333333,74.74324324,0.313148148,1523.6395
1997-04-01,80.33290358,71.9043597,54.33811038,785.6279178,0.187090909,140.8538137,88.50287023,575.5871212,86.79365116,184.5036896,21.89,62.09345727,96.29849003,576.25,96.22571202,81.89795918,89.36,73.73958333,0.33744186,1571.009545
1997-05-01,80.42944053,71.97508019,54.35432315,750.6156367,0.196681818,136.9924354,88.28671175,574.5549242,86.1894207,183.3340149,21.89,62.25498364,95.97360513,574.31,96.04404488,81.08536585,89.1221374,73.4609375,0.270990991,1568.295714
1997-06-01,80.49515157,71.97305501,54.20812202,727.6965368,0.202595238,134.2798309,87.45772499,582.8628571,85.84250394,185.5955934,21.89,63.35835762,95.10850328,582.9,96.09329619,78.80346821,85.47328244,72.94594595,0.447795276,1688.334762
1997-07-01,80.54569597,71.94649183,54.01731035,715.0919881,0.212978261,134.0979217,86.34862144,604.1134783,84.99580407,190.9588695,21.89,66.98269022,93.84448541,604.36,94.01416696,77.36305732,83.35772358,71.27927928,0.060487805,1677.266522
1997-08-01,80.70235877,72.15558588,54.33889542,720.0848279,0.217489796,136.2583949,86.04950433,620.3130952,85.46771777,196.0936766,21.89,67.52704333,93.44383833,620.5,93.87627883,77.28985507,83.21,71.4494382,0.105333333,1652.121429
1997-09-01,80.95285447,72.53165799,54.98378033,714.4760705,0.220285308,132.4306081,87.74881985,601.2420455,87.7022766,201.0572911,21.89,65.44639273,94.74724323,601.49,95.0025664,79.04081633,86.42241379,72.7699115,0.176219512,1769.745
1997-10-01,81.09077269,72.63462053,55.01293275,695.5131413,0.221572533,129.4753019,88.84009464,589.2054348,88.81877122,201.8683471,21.89,64.76976565,95.50404064,589.28,95.68458716,80.69166667,88.10810811,73.58974359,0.166,1741.384348
1997-11-01,81.01267018,72.58738475,55.0310871,697.7110283,0.222768462,131.2106665,89.77034549,579.32875,89.71856221,216.8252215,21.89,66.00603725,96.37619719,580.82,95.87812728,82.03797468,89.69767442,74.1,0.184242424,1694.7575
1997-12-01,81.03097372,72.66225185,55.22308482,728.5705028,0.223029385,138.1595942,90.54427934,595.1695652,90.75735235,220.1539862,21.89,72.94841304,96.46328301,595.02,95.96951818,81.70909091,89.04761905,73.11538462,0.15,1737.240476
1998-01-01,81.10341094,72.93126483,55.91501476,735.8979278,0.227123824,141.2660318,91.25361955,607.6465909,91.7486697,213.3738518,21.89,73.24329182,96.05344412,608.36,96.18335854,82.44444444,92.06896552,74.16666667,0,1668.147
1998-02-01,81.24975121,73.1707386,56.35363705,729.2561754,0.2296,141.9861217,90.64930112,607.40625,91.33893691,196.8672648,21.89,67.226041,95.77405306,608.43,96.33113626,85.59649123,94.43243243,77.1,0.04875,1640.835
1998-03-01,81.4208649,73.35180557,56.55674576,710.5852504,0.230409091,141.0094787,90.30216742,612.0397727,90.8678568,194.4645927,21.89,67.39006227,95.49769089,612.22,95.93161289,86.89583333,96.34615385,78.28,0.252,1719.212273
1998-04-01,81.60575915,73.55157415,56.78910837,705.2975601,0.231136364,145.3157441,90.34566713,607.7193182,91.56199631,192.7997247,21.89,68.08022091,95.84793173,608.34,96.99090625,85.5,93.29545455,77.67346939,0.265833333,1726.495238
1998-05-01,81.75942331,73.65859856,56.79750972,703.8925468,0.231880952,147.3997493,91.77688236,594.6761905,93.91847403,190.4884035,21.89,67.47370833,96.88872635,595.19,97.67188973,83.31707317,91.06896552,75.62711864,0.329767442,1794.4185
1998-06-01,81.7423975,73.60618743,56.66962193,715.276006,0.232409091,150.2614013,92.30277063,600.9818182,95.01418224,191.5226246,21.89,69.56876409,96.91526188,601.11,98.57069935,80.24324324,87.19298246,74.19642857,0.462162162,1721.893636
1998-07-01,81.67734311,73.5464751,56.62097424,717.9425917,0.233391304,149.3719388,92.45524621,601.9482609,93.86001014,197.350794,21.89,73.55323174,97.14790517,602.27,98.80602023,78.2183908,84.26027397,72.43939394,0.071304348,1712.225217
1998-08-01,81.70674713,73.68869105,57.00369592,719.1225364,0.23252381,150.9038015,92.89213983,598.434,93.26936905,193.1852799,21.89,72.11931381,97.6506715,599.5,98.96920651,77.6025641,84.48275862,70.98387097,0.06825,1683.684762
1998-09-01,81.90538436,74.17286694,58.09722277,697.8647059,0.233636364,147.315597,95.43587358,569.9613636,94.4307236,186.3993737,21.89,66.19241568,98.7620272,570.68,99.75767366,78.69444444,85.55294118,72.80487805,0.23877193,1687.315455
1998-10-01,82.10690413,74.39488095,58.36388594,676.2942268,0.233272727,142.9080718,95.98753817,549.0856818,94.55851956,184.566924,21.89,64.62644409,99.24042288,549.5,101.5395509,80.30208333,87.55844156,73.72619048,0.387352941,1646.429091
1998-11-01,82.09039422,74.40891059,58.44290403,682.1232631,0.233761905,144.6956352,94.8406778,564.327381,93.91501467,197.6596367,21.89,67.13614833,98.29894818,563.82,101.2523609,83.02777778,91.15789474,75.09090909,0.326176471,1594.905714
1998-12-01,82.03139317,74.44787087,58.68797535,678.3895343,0.234565217,145.0244374,95.24255664,559.8891304,94.25028906,187.1111733,21.89,67.45002826,98.32819191,560.01,102.5840835,82.8,89.33333333,75.05263158,0,1514.846364
1999-01-01,81.99918915,74.56757098,59.13177866,682.3137882,0.235595238,147.5771568,95.99750515,564.5440476,95.26076201,173.9380973,88.85452381,66.50144167,98.06508756,565.1,100.3692652,82.01886792,89.91666667,74.52777778,NA,1455.232
1999-02-01,82.04850097,74.69182235,59.41604688,681.7376803,0.2369,149.6027356,95.90286241,585.6125,94.94568173,186.7770603,87.36,71.2454665,97.43324189,585.28,100.347049,83.64583333,92.45454545,74.78571429,NA,1408.4655
1999-03-01,82.26333138,74.86306245,59.49542242,694.5459198,0.237956522,153.6707904,95.03391325,600.5508696,93.41453612,189.8774887,86.38521739,72.96836609,96.73108832,602.74,98.79597954,83.73469388,92.11111111,74.95121951,NA,1313.243913
1999-04-01,82.6857662,75.16908087,59.55534499,680.8200257,0.242068182,151.8196329,93.86273473,609.9643182,91.9414611,182.0886469,88.36818182,70.08826886,95.92496938,612.79,97.93673511,82.78378378,91.26315789,73.22727273,0.08,1186.159524
1999-05-01,82.7207065,75.17781558,59.50838337,681.9630449,0.24652381,154.013468,93.45557397,616.729,91.25242029,169.1787623,98.74952381,65.31984619,95.74524987,617.19,98.55202074,82.64516129,90.02272727,73.78947368,NA,1062.5645
1999-06-01,82.67536154,75.07571861,59.28507488,671.5982784,0.252636364,153.8064288,92.51845653,632.5010455,90.45987649,175.8935321,98.63545455,67.82530864,94.92013257,632.09,98.24887696,80.45833333,87,72.88888889,NA,1161.833182
1999-07-01,82.69552934,75.10395834,59.33062287,656.7012056,0.258318182,152.3630606,92.53101101,633.7145909,90.95511164,172.6041644,101.09,65.59680591,94.93082511,633.61,97.6131103,78.18518519,82.6,72.38461538,NA,1113.393636
1999-08-01,82.88487617,75.34306574,59.67675228,648.5530759,0.265545455,150.5692603,93.51481173,618.5150909,92.97803048,173.7561417,99.03363636,64.01757909,95.37375232,618.62,97.20553735,79.5,NA,NA,NA,1056.377273
1999-09-01,83.15143705,75.7744253,60.46076039,633.2313945,0.267863636,147.2893983,93.06083253,624.1989091,93.24617883,183.986097,96.02090909,65.41904477,94.60347494,624.67,96.32511418,76.7,85.16666667,72,NA,1061.375909
1999-10-01,83.27712901,75.96336608,60.78516187,566.2855237,0.282666667,132.5232389,93.90752004,613.147381,93.07767371,185.0890566,95.73809524,64.38871143,95.45540997,612.68,96.99992605,82,NA,NA,NA,1021.48619
1999-11-01,83.24493048,75.93517776,60.76536278,504.0586015,0.328272727,118.6860471,92.17703878,634.91925,90.67885941,194.7225975,96.15181818,64.70486,93.9329972,634.5,95.44196872,82.33333333,87,73.33333333,0.45,922.4631818
1999-12-01,83.2983771,76.02699117,60.93595979,477.017525,0.355369565,114.1122605,90.96429484,648.8143043,89.33089905,183.9971346,97.73130435,64.89170087,92.94506791,648.81,95.01404115,82.2,90.69230769,72,0,918.675
2000-01-01,83.34678129,76.28276557,61.63752577,465.2253498,0.370285714,114.1015791,89.48005115,647.3981429,87.91965802,174.0165106,99.65238095,63.21685405,94.24164095,647.09,96.01170592,82.6,91.45,73.375,0.116666667,917.7138095
2000-02-01,83.5869897,76.59185358,62.09439303,455.6082006,0.374095238,113.7842889,88.66456967,666.996,86.76705237,175.304146,101.5095238,63.90117595,93.61792231,667.01,94.54178344,86,NA,NA,NA,859.1252381
2000-03-01,83.99158023,76.815095,61.93345683,422.2218007,0.397304348,106.6604029,87.80628933,679.8271304,86.77941992,174.9200083,101.8630435,64.47820826,92.8715874,680.21,95.02943408,83.71875,92.55555556,76.46666667,0.765,932.8795652
2000-04-01,84.07576051,76.8861533,61.9769765,388.6138779,0.43155,100.9591617,87.17188216,693.477675,86.60388226,177.5150684,101.1145,66.5259985,92.24651575,692.71,94.20860762,83.93333333,91.33333333,76,NA,911.3642105
2000-05-01,84.20281394,76.97753151,61.99300314,371.8477665,0.454608696,98.92265835,86.22209262,723.3843478,85.6715594,182.4287761,101.6943478,70.00390891,91.35550477,724.04,93.48582847,82.1,90,75.5,NA,908.8640909
2000-06-01,84.45041562,77.12430363,61.92628072,333.9500339,0.512227273,90.70788593,87.8614923,690.4745,87.74184875,177.0556702,103.5027273,70.05878727,92.70795629,691.08,94.12174837,79.36363636,85.61538462,73.66666667,0.424,941.5709091
2000-07-01,84.50257569,77.19845986,62.04751308,297.9001824,0.633428571,83.33400706,87.61611901,697.8811905,87.83817901,172.2903218,107.3252381,67.62534786,92.45372504,698.08,93.98141556,77.72222222,84.1875,72.625,0.156666667,936.6861905
2000-08-01,84.57083002,77.35588188,62.39509464,284.8496928,0.67573913,82.80559607,86.20671063,725.2053043,86.71134893,179.1034506,104.4865217,72.32615783,91.27082182,725.57,93.55688389,76.71052632,82.17391304,72.22222222,0.132272727,877.8769565
2000-09-01,84.91302617,77.81357232,63.10028854,284.0346397,0.705666667,86.21502226,85.15779109,752.8264762,85.47193787,183.7883935,106.3419048,73.03749214,90.25083399,752.15,92.26243393,78.28125,86,73,0.091428571,883.1228571
2000-10-01,84.99666933,77.96276683,63.3894364,279.2985613,0.714227273,88.44244184,84.75312633,768.2076364,85.06495204,183.9081439,108.9104545,72.55015705,89.82262045,767.06,91.64409498,79.6,85,73,0.04,878.1218182
2000-11-01,85.0482231,78.10375532,63.72107404,275.1719303,0.721318182,89.31712983,85.23909829,766.6915909,85.07814096,186.7243774,112.4295455,69.25875659,90.14344753,765.96,91.97221935,81.27027027,89.92307692,73.4,0.1925,800.8704545
2000-12-01,85.11536751,78.2342592,63.98517477,265.1701342,0.722428571,87.8675385,87.08515075,728.9755,86.95307522,176.4758475,110.8419048,68.93104738,91.8121538,731.02,93.53837445,81.4,89.21052632,74.48387097,1.085,803.591
2001-01-01,85.2580696,78.49663592,64.50509325,260.1254932,0.714934783,87.56499222,89.02421291,699.5995217,89.39882344,167.9342374,110.6595652,69.27680804,93.60001322,699.1,96.38963924,81.425,89.33333333,74.11538462,NA,966.5813636
2001-02-01,85.49233155,78.7101525,64.67560386,260.9590901,0.7181,88.86051719,88.50176279,712.5047,88.96582718,169.1195654,112.7725,69.2049835,93.05791363,711.68,95.5942568,82.88235294,93.77777778,75.225,0.07,1156.9375
2001-03-01,85.68611563,78.88140273,64.79996909,260.7112114,0.737045455,90.96025978,88.6377202,721.8058182,89.2829271,171.4926501,119.0695455,67.16964,93.09583256,721.21,96.00974129,82.83783784,90.58333333,75.44444444,0.252857143,1124.405909
2001-04-01,86.03349086,79.2335798,65.16323556,262.4691125,0.74747619,92.36425142,88.4926693,735.4559048,88.96620777,169.6925441,123.9880952,71.02635905,92.76844131,735.38,95.87297455,83.05882353,91.33333333,76.81818182,NA,1081.6155
2001-05-01,86.383686,79.52374914,65.32804313,263.7885056,0.751434783,93.91852861,87.81852288,749.7875217,88.55819352,171.3392616,115.9456522,77.43619717,92.00123985,750.38,95.01125226,82.61538462,NA,78,0.61,1079.626364
2001-06-01,86.4615755,79.54720266,65.23713161,267.4989012,0.73247619,96.68451358,87.1017284,769.0958571,87.75610735,175.3510935,112.8,78.60964143,91.30718886,768.85,94.83014129,79.5,88,NA,NA,972.1533333
2001-07-01,86.26868555,79.4426579,65.31800419,268.4350369,0.72825,98.55157172,87.61873276,760.1579091,88.43240751,175.8622557,113.9845455,80.27364091,91.7803209,762.15,96.04670197,77.71428571,82.4,72,0.02,967.1122727
2001-08-01,86.33085162,79.54398953,65.50195315,262.6167353,0.723456522,98.11322054,88.92284396,726.2627174,89.69615677,171.2749191,114.0021739,79.8821213,93.10025089,728.45,98.95587611,76.80645161,81,72,NA,1034.106087
2001-09-01,86.53729259,79.82150468,65.92965952,261.6610981,0.7242,99.41047005,89.63122062,717.98375,90.76763873,172.2899119,114.8345,80.69606675,93.49917005,719.97,98.06681437,76.77777778,NA,NA,NA,1019.7765
2001-10-01,86.40582193,79.85039496,66.29573042,263.4383596,0.732434783,102.2216192,89.87788122,724.3136957,91.34850364,174.0461306,112.9904348,82.29638717,93.64588179,724.12,99.03483507,NA,NA,NA,NA,1084.778261
2001-11-01,86.2015967,79.79760503,66.56112748,264.9788777,0.72625,103.9202326,89.32517517,737.5422955,91.11678593,173.8136896,116.5122727,77.25506955,93.19386066,738.43,97.8455103,82,NA,NA,NA,1240.826364
2001-12-01,86.1819425,79.86361368,66.80532169,263.44462,0.731071429,103.5518506,89.2835698,736.1816667,91.2126415,173.1741087,119.9161905,75.4643631,93.71178154,735.07,98.57288778,NA,NA,NA,NA,1336.789412
2002-01-01,86.29973479,80.11055406,67.32635683,263.6550119,0.74076087,103.8834697,88.42752936,748.0426087,90.38071333,171.3748286,116.3152174,82.01894391,93.47562223,742.63,98.29436371,82,89,78,NA,1384.216364
2002-02-01,86.46131364,80.35816302,67.75537705,261.8036386,0.755325,103.0025558,88.77913751,754.066,90.4403779,172.2865603,118.2515,81.70653925,93.29617129,753.94,98.48566582,84.12727273,94.52631579,76.325,0.051111111,1491.7755
2002-03-01,86.85520281,80.58500326,67.63189073,257.3966413,0.755539683,101.6600532,88.75510816,747.4829365,90.134717,169.5263949,117.2797619,81.71850476,93.35632708,748.98,98.3773749,83.53125,91.75,74.73913043,0.228333333,1592.0285
2002-04-01,87.23631811,80.890513,67.77939719,248.3961867,0.769530303,98.17145241,88.9663789,740.2185606,90.09987645,167.9723149,114.9738636,84.22303364,93.57365771,740.49,98.59850476,83.05,90,73.71428571,0.8725,1569.287727
2002-05-01,87.3678934,81.01369982,67.88529684,238.8719134,0.78773913,95.4040215,90.05262509,714.2497826,90.82516221,164.0089126,115.6663043,82.9568937,94.27929208,715.33,99.05352866,82.6097561,91.53333333,75.17647059,0.243846154,1605.28913
2002-06-01,87.37039115,80.98103038,67.77868552,229.4889392,0.79605,92.58384012,91.69718747,687.27475,93.00390404,157.9478805,118.113,79.657668,95.48158009,686.55,100.7635117,79.54166667,86,74.16666667,0.122,1658.655
2002-07-01,87.32509134,80.97707987,67.86156227,221.0473634,0.806847826,90.33566483,93.04185367,661.1786957,93.76862725,146.7858315,125.1393478,77.5091913,96.36890323,661.13,101.3229562,79.4,88,NA,NA,1868.595217
2002-08-01,87.53537478,81.19976213,68.11087319,221.7285138,0.822,91.85971574,92.92979757,670.4270455,93.38339204,147.3009478,129.6070455,74.50200045,96.17775168,670.88,101.2346759,77.66666667,82.5,71.75,NA,1960.468182
2002-09-01,87.68759337,81.46362899,68.60989875,221.2829846,0.821095238,92.92783721,93.42876623,667.9067857,94.78956132,146.3339183,128.4916667,74.8149581,96.44108447,668.8,101.5526299,78,83,NA,NA,2163.937143
2002-10-01,87.79202173,81.65545201,68.98575731,220.554329,0.823304348,94.56783653,94.03480201,668.7104348,95.98362879,147.0575595,127.4521739,72.96039935,96.7522858,668.59,101.2947857,80.79166667,87,NA,NA,2205.262174
2002-11-01,87.78028895,81.79983584,69.45836455,215.8721844,0.824214286,94.0209165,94.61302891,657.91,97.122755,145.0230204,128.6761905,73.78139881,97.24147245,655.06,102.5169189,81.03174603,90.62857143,73.95555556,0.114857143,1814.065238
2002-12-01,87.83166097,81.9558037,69.83161028,210.1971541,0.829045455,92.70444418,95.06077939,642.6024242,98.34377881,143.3694084,128.5931818,72.24681364,97.53409983,644.2,102.4940127,80.88059701,90.38235294,72.9787234,0.001333333,2022.724
2003-01-01,88.00536771,82.33993069,70.6618275,202.2276696,0.833804348,90.19157286,96.16185378,617.7737681,98.47551089,139.7150786,129.0826087,71.93325696,98.53522718,617.55,102.8329208,81.18811881,90.83333333,73.3902439,0.029056604,2184.728182
2003-02-01,88.4019565,82.78539757,71.21113074,199.6100344,0.83695,98.75862546,96.89944004,608.237,99.36749536,138.7248051,129.615,70.5053245,99.0250532,608.89,103.0799194,83.46511628,93.04545455,76.86666667,0.0316,2239.265
2003-03-01,88.80119191,83.104423,71.36256063,198.388625,0.842095238,98.95467359,96.85219411,606.2394048,99.10271037,135.1763702,129.6583333,69.2133919,99.03584127,607,102.9979847,84.02985075,94.23404255,75.32653061,0.045428571,1994.719048
2003-04-01,88.76629626,83.15405865,71.58985073,196.1527207,0.860636364,98.2904004,96.54601334,607.6986364,99.31167984,138.2810176,135.235,71.35572545,99.01449309,604.7,103.1661559,82.32786885,90.42424242,74.36111111,0.21,1927.677143
2003-05-01,88.70932743,83.11442907,71.5865291,187.9451161,0.864818182,95.30703713,98.5142494,570.555,101.6320249,133.2531373,133.05,70.52747114,100.812584,566.37,105.0120435,82.38888889,90.94,75.31111111,0.229230769,1749.724762
2003-06-01,88.71199006,83.0258472,71.30609064,186.2988023,0.871619048,95.24000413,98.54834271,565.0680476,101.4816654,132.1456888,133.1440476,73.2881819,100.9688768,562.43,104.8700132,78.84615385,85.91111111,72.96153846,0.437727273,1579.109048
2003-07-01,88.6588449,82.98121776,71.27922576,188.2678308,0.865608696,97.10014079,97.57612419,578.5867826,99.90551583,133.7782967,129.4978261,77.87494804,100.1269138,576.83,103.8159665,78.0617284,84.72881356,72.19402985,0.09372549,1560.313043
2003-08-01,88.90992817,83.22105471,71.49608462,190.3222492,0.869666667,98.53772681,96.98581526,590.0698095,99.42897564,134.9673116,130.4095238,76.87730381,99.51803479,588.9,103.034862,77.22727273,83.8,71.93589744,0.085283019,1571.447619
2003-09-01,89.16052962,83.56062948,72.02341612,188.5551623,0.868954545,98.32071321,96.81821292,584.0148636,98.69768401,133.2683503,131.4240909,79.10331614,99.37635974,584.54,102.6818137,78.72,86.27586207,73.90566038,0.060222222,1631.584091
2003-10-01,89.1681849,83.71154453,72.47558998,182.5396148,0.869173913,95.65904376,97.7529843,561.4526087,99.13618045,128.6599921,134.3978261,76.27352087,100.1026458,561.03,103.6058582,80.11764706,88.71666667,73.96923077,0.40265625,1481.934348
2003-11-01,89.02731539,83.77795793,72.97749002,181.3116726,0.87465,95.97206354,97.80329414,561.16485,98.88440043,122.1358338,142.2365,73.1954365,100.0407932,560.55,103.1389498,80.97468354,90.43478261,73.77419355,0.149811321,1511.034
2003-12-01,89.10942279,83.94274303,73.31438707,175.1801688,0.881391304,93.84803711,99.57976138,533.7096087,100.4161165,118.5954656,138.7495652,74.14369826,101.5138983,533.92,104.511338,81.62162162,89.92156863,73.22916667,0.07972973,1627.280952
2004-01-01,89.20733717,84.20514861,73.92528562,171.7302319,0.884954545,92.107034,100.3056905,520.5753409,100.8246016,117.5715419,137.8927273,74.18173295,102.2582466,520.06,105.0681077,81.62903226,91.55555556,73.76190476,0.036774194,1624.281905
2004-02-01,89.48904432,84.45159682,74.09837243,170.3035035,0.88815,92.38403446,100.3621427,522.7889,100.5312673,117.8564477,136.59,75.03325575,102.2240769,518.69,104.8229106,82.27906977,92.63888889,72.31034483,0.145263158,1569.1245
2004-03-01,89.90665763,84.83362727,74.40671385,171.3139681,0.893086957,93.11457121,99.16393349,534.846913,99.85486477,120.794565,134.51,74.61830913,100.6380482,534.97,101.9266815,83.60606061,93.78313253,75.3375,0.069253731,1504.426522
2004-04-01,90.16466046,85.11967996,74.75231646,172.1955394,0.894863636,94.33471603,98.09108911,547.7866136,99.94442555,121.6547951,134.4554545,75.46394182,99.45090513,547.3,101.4371563,83.16901408,91.78431373,76.16981132,0.129444444,1437.350952
2004-05-01,90.5184587,85.42318031,74.95108566,173.3124108,0.892047619,95.70712376,99.00130991,546.440119,100.4282158,123.6872394,133.5540476,78.07040476,100.1532647,546.3,101.8538993,81.86538462,89.97368421,75.21621622,0.137058824,1413.747
2004-06-01,90.65027451,85.51614809,74.96280802,171.6477969,0.898,96.05919239,99.15853781,540.4297273,100.1426484,122.4291015,132.8413636,77.78179318,100.4383214,540.4,102.1034622,78.29787234,85.92105263,73.31707317,0.052666667,1407.965909
2004-07-01,90.49931264,85.47476837,75.15115957,170.2155719,0.900772727,96.32753097,99.39275122,534.4776364,100.5711728,121.6520361,133.7154545,77.46025136,100.737053,534.78,101.6025508,77.1,83.64285714,72.55357143,0.090816327,1559.470455
2004-08-01,90.61865654,85.6860106,75.55567817,171.0102314,0.901181818,97.65516309,99.02890031,538.5782727,99.83307276,122.0749417,132.5622727,79.12236727,100.4015245,538.73,101.7950952,77.16216216,83.04761905,72.53333333,0.087592593,1729.215
2004-09-01,90.77916195,85.95478801,76.05221828,171.072812,0.901954545,98.14421027,99.29733276,537.2171818,100.3176762,122.1661885,132.8136364,79.68169977,100.6870399,536.89,102.5642362,79.52238806,87.62,71.82608696,0.221578947,1540.288636
2004-10-01,91.14111013,86.30439092,76.3768069,168.7234011,0.902380952,96.86828865,99.94482689,524.9931905,100.6363527,120.8051128,132.902381,80.25846214,101.5267043,525.2,103.5976943,80.10810811,88.50847458,73.20967742,0.338703704,1484.71381
2004-11-01,91.13174001,86.3575771,76.56133095,164.2238936,0.903636364,94.89552658,100.8955912,504.7535455,103.4948039,117.9227834,132.8295455,78.82494523,102.8416125,504.92,103.8918175,81.75438596,90.57142857,74.65217391,0.120689655,1662.226818
2004-12-01,91.04912454,86.36197505,76.74575254,160.726226,0.902478261,93.55605704,101.8166147,489.6695652,104.351283,115.5862931,132.3608696,78.72562739,103.989113,489.24,104.6385601,81.70873786,90.28571429,74.77272727,0.046585366,1648.544348
2005-01-01,90.94797304,86.47330594,77.30576623,162.5436808,0.901619048,94.5448984,100.8844538,500.3103333,103.7741392,116.6020363,132.1161905,80.10413571,102.8956988,499.99,103.3650438,80.50909091,90.75,71.72093023,0,1549.133333
2005-02-01,91.26326842,86.89898636,77.96371648,162.9101226,0.9032,97.69395645,100.4815839,504.6612,103.0154382,116.6693289,132.5125,80.722333,102.419245,504.03,102.1256184,85.38,93.80952381,78.05263158,0.018684211,1634.5985
2005-03-01,91.79220121,87.2723971,78.01220735,161.6263421,0.903521739,99.42805943,101.0975494,497.4684783,103.3684664,116.0791314,132.043913,81.66460913,103.1164389,496.91,102.8036815,83.45454545,93.37837838,75.24242424,0.077407407,1757.591818
2005-04-01,92.14189564,87.58698776,78.25400901,163.4942027,0.904047619,101.2938445,100.4363593,507.388,102.4786968,116.5646947,132.03,83.56169524,102.335405,507,101.9587653,82.81967213,92.13461538,76.29090909,0.127446809,1585.950476
2005-05-01,92.19107845,87.64532659,78.3316688,164.9443204,0.904,102.769332,99.56685735,517.1989091,101.3499544,117.9716907,132.185,85.57475909,101.313174,516.75,100.7995045,81.5625,89.53535354,74.55670103,0.272173913,1511.394286
2005-06-01,92.17581235,87.58635408,78.18099213,168.7060859,0.904863636,105.8918351,97.9449402,539.7511818,99.64481269,120.224992,133.0972727,88.35201045,99.44422278,539.22,98.63129868,78.88405797,85.74603175,73.33333333,0.312105263,1539.072273
2005-07-01,92.34751311,87.78117295,78.42470822,170.1949497,0.905142857,106.7876946,97.84158995,545.5668571,99.59721616,121.340746,134.2028571,94.59077048,99.14641298,544.94,97.74994967,77.63207547,84.84810127,72.37078652,0.026612903,1489.01
2005-08-01,92.64119818,88.03838949,78.60613952,167.5551293,0.90673913,105.9567838,98.36710529,534.1917826,100.6200878,120.3422368,135.8295652,94.14736957,99.72669252,533.63,98.46038806,76.43902439,82.78787879,71.16831683,0.228857143,1481.93087
2005-09-01,93.26586041,88.58974979,79.00525319,167.9050086,0.905727273,106.8194751,98.1391266,535.6952727,100.6242084,122.7705835,131.67,94.82838273,99.28230941,535.2,98.01444804,78.15436242,85.46153846,73.20930233,0.211647059,1504.156364
2005-10-01,93.39567248,88.8889576,79.66005353,169.8362543,0.907285714,108.7801077,97.65452312,545.6328095,100.0023264,123.8711239,130.4790476,94.28209024,98.67740866,545.97,97.97006836,79.58536585,88.22142857,73.21582734,0.3375,1452.546667
2005-11-01,93.00704211,88.6966444,79.87855725,171.8056257,0.909045455,110.7939796,97.09070673,557.1883182,99.54043067,125.2634277,130.5409091,93.10484182,97.96543648,556.57,98.05826261,80.96296296,89.91525424,73.848,0.237173913,1433.965455
2005-12-01,92.97330685,88.75238649,80.11971378,170.4249314,0.909454545,110.2886834,97.19877916,553.1628864,99.38966868,125.5099695,129.8475,91.61610205,98.02902942,553.27,98.64743548,81.05357143,90,73.87755102,0.287,1517.609048
2006-01-01,93.18649493,89.14010236,80.87634488,167.6491271,0.910636364,109.2473767,97.52443732,541.822,99.35649,121.8468018,129.6259091,90.21533364,98.69410128,541.97,99.64128549,82.04545455,90.58064516,75.33333333,0.07,1577.782857
2006-02-01,93.35560758,89.36644981,81.22311141,168.4247096,0.9124,110.2509882,96.88948831,550.0886,98.73461402,122.9650946,129.106,92.17773325,97.89230604,549.45,98.97724545,82.85245902,92.10526316,74.89189189,0.401428571,1545.0745
2006-03-01,93.72473167,89.60466833,81.18770614,167.8545327,0.913434783,110.2716559,97.2232703,546.4911739,99.02077606,123.6007401,128.4882609,95.09435609,98.16435392,545.72,98.54502454,82.42105263,92.46969697,74.296875,0.39125,1544.133043
2006-04-01,94.2773442,90.08095791,81.5052637,165.5832621,0.91445,108.5779615,97.85935154,534.39545,99.77660162,122.4247484,128.428,95.5345015,98.92681228,534.55,100.2131726,83.07575758,92.27777778,75.83333333,0.214285714,1552.373684
2006-05-01,94.61260913,90.38119186,81.73283605,161.9016205,0.914913043,106.6344388,99.09847388,514.5810435,100.8704856,120.030399,128.4426087,93.28671022,100.6153895,513.69,102.3246775,80.36734694,88.2972973,72.75675676,0.746333333,1594.454545
2006-06-01,94.70768662,90.44828881,81.74148543,163.5193516,0.917863636,108.5798934,99.30441528,518.9366364,101.7530279,121.3919786,128.3740909,94.11103318,100.7116312,518.54,103.9615578,80.2173913,88.78846154,73.44642857,0.4148,1606.645909
2006-07-01,94.77449836,90.52961408,81.85340325,162.9793622,0.920666667,109.8384608,99.36769448,517.2164286,101.8915424,121.2784963,128.2185714,95.79822238,100.8181824,517.17,103.6160317,78.0877193,84.61111111,73.53333333,0.2628,1676.655238
2006-08-01,95.02254357,90.77170843,82.08360798,161.4611355,0.922130435,109.6164614,99.57894976,513.4455217,101.9513079,120.540524,128.2443478,97.91576087,101.0987142,512.01,103.2175347,76.27272727,81.33333333,72.66666667,0.134285714,1610.787391
2006-09-01,94.82985006,90.76878682,82.47816781,161.9009537,0.921095238,111.492171,99.44271841,515.637381,101.7317006,121.0080445,128.2414286,98.70561452,100.919168,515.39,103.1750836,77.95652174,85.26315789,72.57894737,0.21,1567.421429
2006-10-01,94.61178153,90.73704483,82.8366223,162.5852868,0.922409091,113.3251845,99.1222355,520.6621818,101.4326307,121.4645358,128.1854545,96.43429,100.5213423,520.14,101.6582069,78.86111111,88.3030303,73.13333333,0.283333333,1529.627273
2006-11-01,94.5219629,90.76590578,83.11413312,160.0159884,0.922045455,112.0478628,99.68400565,509.7216818,101.9602759,119.7626795,128.1586364,94.36231409,101.2132434,509.23,100.8686903,81.15625,90.55555556,73.20754717,0.1275,1581.18
2006-12-01,94.72930936,91.10046081,83.71392957,157.4655064,0.922285714,110.3959217,100.4753051,496.7301429,102.2585707,118.0229578,128.4380952,91.77950905,102.1804645,496.46,102.0767254,82.25531915,90.88888889,73.96969697,0.08,1702.503
2007-01-01,94.69009215,91.24637338,84.25026234,158.8451123,0.923673913,111.6986359,99.99649449,505.2343696,102.2432436,118.8889404,128.1445652,92.15398283,101.5247317,504.64,101.0301943,80.88888889,92.06451613,71.9,NA,1701.989545
2007-02-01,94.9596942,91.58964289,84.74558906,158.0959641,0.92645,111.3492759,100.172941,501.4899,102.6266109,118.5303247,128.1795,92.03620925,101.6798311,501.72,101.170623,84.53846154,92.08333333,77.06666667,0.25,1813.8775
2007-03-01,95.54867226,92.03212482,84.88686322,157.0350789,0.926909091,110.7828142,100.756366,495.4088636,103.3969003,118.1422151,128.1677273,92.25295818,102.2095892,495.37,101.5487038,84.63414634,92.72727273,76.70967742,0.032,1924.202273
2007-04-01,96.04706905,92.4359395,85.09633293,154.5130448,0.927428571,109.2877156,101.3032983,485.5977143,103.4272357,116.8985145,127.9390476,92.01871571,102.8153269,485.31,102.1906533,83.67567568,90.95,77.08695652,0.41,1977.1995
2007-05-01,96.39694506,92.7625002,85.37522305,153.7278064,0.926652174,109.3877076,100.9580644,486.1128696,102.8650474,116.8671992,127.5430435,92.09202761,102.4938144,485.49,101.7569854,82.72093023,90.16,75.88888889,0.389230769,2004.837727
2007-06-01,96.47825504,92.93096487,85.72333568,153.9446949,0.92847619,109.7421174,100.5499776,489.4841905,102.5844769,117.4083881,127.4657143,93.31990095,102.0734352,488.84,101.2991653,79.6,84.57142857,74.625,0.291538462,2016.692381
2007-07-01,96.43732927,93.0772394,86.25525241,151.655571,0.929681818,108.9831253,101.2054187,478.0526364,102.4931919,115.8066209,127.1704545,92.42393159,102.7260662,478.26,101.5591364,77.93333333,83.4375,72.64705882,0.246666667,2152.645909
2007-08-01,96.48717719,93.29673758,86.82432965,152.310056,0.934173913,110.5436456,101.1803935,481.5084783,101.7307146,116.8535288,126.5995652,95.41608522,102.6144218,481.53,101.5087102,78.12121212,83.63636364,73.23529412,0.018181818,1902.093043
2007-09-01,96.69559992,93.58945715,87.29094199,149.4934083,0.9428,109.6744909,101.7913773,471.74115,102.1916917,116.4022353,125.7665,95.0604115,103.2220104,472.03,102.2532561,78.45,87.2,73.2,0.317,1938.0815
2007-10-01,96.98644447,93.96978192,87.85592484,145.7956256,0.948130435,107.8714449,102.2901692,461.0422609,102.268651,116.1529564,123.6886957,92.93130391,103.8058865,461.05,103.159304,77,NA,NA,NA,1914.684348
2007-11-01,97.40857302,94.44877425,88.45251341,141.8469761,0.958090909,105.9962751,103.4918989,446.9897727,102.8718658,118.3489914,119.5786364,93.90419364,104.9433132,446.73,104.0465225,82,NA,76,NA,1966.837727
2007-12-01,97.57534478,94.7637232,89.06975608,141.6595356,0.968547619,107.1104474,103.2999698,450.7905,102.4054566,120.8359257,118.2133333,95.33513786,104.6992337,450.2,104.0162612,83.55555556,90,72,NA,2113.1305
2008-01-01,97.67958169,95.16078467,90.06418449,139.486501,0.9705,105.3081526,103.6257622,445.6652826,103.5011825,120.4855208,117.7852174,95.95260913,104.9213217,445.69,104.6324739,80.33333333,90.5,72.5,NA,2215.851364
2008-02-01,97.95234683,95.75053043,91.29704173,138.9108513,0.97247619,105.2328344,103.5907565,444.6039524,103.9812803,120.1202839,117.4785714,95.55234429,104.860495,444.77,105.6759159,83.81818182,91,78.16666667,0.2,2523.073333
2008-03-01,98.61318819,96.32648117,91.70086141,135.5808358,0.971809524,103.2751136,105.9430921,422.2857143,107.2017404,118.1671706,116.807619,94.12589476,107.0831968,422.48,106.6201156,83.5,91.2,76,NA,2670.4055
2008-04-01,99.02485499,96.80291274,92.30874094,134.1013704,0.995272727,103.7064523,106.6599975,416.0254545,107.7750704,117.5434029,117.5563636,93.85279136,107.7240755,416.47,106.6937116,83,90.5,70,0.65,2628.33
2008-05-01,99.74572271,97.43997966,92.77589601,133.1796053,0.999590909,104.4655463,106.2707976,421.405,107.5372429,118.6192772,117.8559091,95.76906409,107.2276132,421.65,105.823071,82,NA,NA,NA,2689.620476
2008-06-01,100.4017764,98.06293302,93.33178718,131.0293408,1.049666667,103.8787655,106.3317116,421.1440476,107.7614049,118.6257803,117.8166667,98.71359857,107.2522455,421.76,105.7026529,79.475,85.3125,72.58823529,0.107777778,3021.76
2008-07-01,100.7064967,98.46303208,93.92542757,126.2913033,1.116826087,100.678895,106.7428199,415.9993478,110.2604713,117.6125048,117.7626087,99.77843522,107.6306411,415.96,106.3352007,79.02307692,84.57575758,73.17105263,0.578780488,2953.682174
2008-08-01,100.5826763,98.47167961,94.20280224,124.3063411,1.156952381,100.2076513,104.5554964,438.6954762,108.3916504,120.3036244,117.7395238,103.6486605,105.3935064,438.02,104.9561983,78.47787611,83.85483871,72.73015873,0.388846154,2810.470952
2008-09-01,100.6086864,98.6193279,94.59722737,124.7992595,1.157363636,101.8086341,103.7768968,456.7160909,108.2331578,124.0172386,117.66,107.6595809,104.2930696,456.49,103.9611103,78.94642857,84.5,72.75,0.275714286,2678.963182
2008-10-01,100.1726012,98.46697772,95.0204444,129.0524141,1.166869565,106.1787709,102.2465724,495.055,106.6769394,130.7774349,117.7843478,112.4061933,102.2879312,492.38,102.4792316,80.33333333,87.21428571,74.36363636,0.166666667,2252.276522
2008-11-01,99.17146618,97.78100796,94.9737284,130.2037721,1.1911,109.4254782,101.2691236,515.6255,104.4063064,134.6244199,117.9595,115.9079303,101.0308859,515.2,101.9376734,82.15909091,89.54347826,74.70909091,0.123333333,2067.723
2008-12-01,98.59662243,97.36730545,94.88428122,125.1780517,1.242391304,107.5867337,104.5193642,487.7826957,109.0193789,123.3865542,133.8786957,101.9075191,104.0237473,487.72,105.6580365,82.125,89.86315789,73.6952381,0.422592593,2457.085455
2009-01-01,98.48500727,97.50142314,95.51952449,116.2284614,1.298613636,101.4741473,104.1625166,494.0875455,108.1541042,107.7509183,146.7281818,92.38436159,103.5226135,495.49,105.1219097,82.44585987,91.22105263,72.79487179,0.218888889,2626.005238
2009-02-01,98.82905727,97.83101997,95.81999854,112.488196,1.36925,99.5837446,103.3446262,512.06635,106.8674313,109.1099045,148.2,93.25201725,102.4298965,513.08,104.2643775,83.67222222,92.63392857,75.27722772,0.1244,2647.586
2009-03-01,99.0464346,98.05914604,96.06978305,109.8929391,1.404636364,98.53721689,105.1177697,501.9344091,107.8324563,108.9994471,147.9090909,93.81363864,104.0405283,502.66,105.9547102,84.33116883,91.88235294,75.42253521,0.301923077,2509.972273
2009-04-01,99.24336167,98.27296484,96.31763827,105.6698031,1.428318182,96.57097954,104.307194,496.529,106.5074454,107.1538094,148.1318182,92.72171727,103.5515608,497.3,106.0156197,82.80645161,90.55405405,74.72413793,0.280294118,2555.16619
2009-05-01,99.41147077,98.43379394,96.46379837,100.4123024,1.460761905,93.09652267,104.804988,479.681,107.3057555,103.9859989,148.63,92.37257619,104.1952113,480.54,107.0093339,82.48262548,90.1160221,74.32386364,0.600804598,2480.7365
2009-06-01,99.78031465,98.72279435,96.59191608,96.88904022,1.487318182,91.57831605,105.6783048,467.9825455,107.0540575,102.5512329,148.5213636,92.59286182,105.0853977,467.99,107.4471011,79.91616766,87.01123596,72.70526316,0.485,2700.364091
2009-07-01,99.55461425,98.75277774,97.13709623,98.39434777,1.499565217,93.4976384,105.7710046,465.459913,107.1932516,101.7003229,149.7665217,93.32063478,105.2279183,465.62,107.1652103,77.97887324,83.45833333,72.8852459,0.383333333,2791.352609
2009-08-01,99.80435031,99.05159879,97.53482237,96.82063754,1.471619048,92.23644089,106.0772489,459.6773333,107.5529482,98.70341584,155.2890476,89.87136333,105.6375389,459.74,106.9630768,77.39015152,83.09326425,72.49079755,0.046116505,2956.665238
2009-09-01,99.78599031,99.18804006,97.98318453,96.37593046,1.453545455,92.07587686,106.8169262,450.2012727,108.0616251,97.39522919,153.1931818,90.49119705,106.298589,450.47,107.1914031,78.53112033,85.53888889,72.82978723,0.258875,3142.863636
2009-10-01,99.83835186,99.32041406,98.27678169,95.52765268,1.444227273,91.54598119,107.1139079,442.5804091,107.7411706,98.28680537,150.1045455,91.62551568,106.6444565,442.72,106.9597258,79.66666667,87.65432099,73.49693252,0.195882353,3372.502273
2009-11-01,99.91403265,99.53294924,98.76507522,95.951079,1.432047619,92.30572538,107.2277478,439.3219048,107.5768654,96.85609765,151.0428571,90.97717857,106.8158756,439.81,107.3272065,81.27675277,89.76756757,73.70454545,0.2,3384.13
2009-12-01,99.93387754,99.70790432,99.25257366,97.24300142,1.429913043,94.24008507,106.3455718,450.1471304,106.4958682,98.4185589,149.7021739,94.27400891,105.9121599,448.87,106.3721467,82.66863905,90.34108527,74.17307692,0.208461538,3497.585
2010-01-01,100,100,100,98.16609431,1.42552381,95.25346226,104.8906063,459.3827143,104.8746366,98.86626995,150.3538095,94.89754714,104.626595,459.61,104.890824,82.69747899,91.70930233,74.41558442,0.167619048,3525.123
2010-02-01,100.1724499,100.3455836,100.6944437,99.9077381,1.4314,97.78051916,102.7705495,479.33,102.0924054,100.1028169,150.9885,97.33948225,102.5282364,479.3,102.5436112,84.72670807,94.5257732,76.07843137,0.6892,3276.5465
2010-03-01,100.6057651,100.6687108,100.7955449,99.98682351,1.418347826,98.46035494,101.7907053,483.042913,101.2155834,100.2576042,150.1273913,97.58811783,101.751959,483.44,101.7713945,84.79716981,93.28476821,75.88695652,0.2528,3089.646087
2010-04-01,100.8593471,100.9770052,101.2140836,100.2511633,1.420045455,99.03397473,100.6765432,488.3183636,101.084237,100.1083589,150.3509091,97.87117727,100.7930927,489.31,100.796163,84.84,92.73134328,76.35,0.301886792,3221.237619
2010-05-01,100.9500937,101.1139642,101.4441595,103.3494325,1.423619048,102.8602741,97.71610351,523.2455238,97.64584537,102.3820432,151.372381,99.56628143,97.80777341,522.04,97.74088585,82.82513661,90.3245614,75.43137255,0.291641791,3178.4855
2010-06-01,100.8722736,101.0848142,101.5130786,104.3365165,1.433772727,104.8312712,96.22560591,536.9193182,96.51309154,103.4219337,151.1563636,103.4654159,96.34402831,537.3,96.30640083,80.4,87.06338028,73.6875,0.423534483,3230.831818
2010-07-01,100.7733556,101.206655,102.0797431,101.5211249,1.449318182,102.4923233,98.22334883,512.3886818,98.15427175,101.5901636,150.2713636,103.0858707,98.23760477,513.67,98.1734849,78.47887324,85.13669065,72.5982906,0.259846154,3229.546364
2010-08-01,100.9358988,101.4737593,102.5575355,100.5426564,1.435181818,101.8990432,98.24181676,508.6884545,98.01857366,100.6900152,150.4445455,103.7804009,98.36898605,508.72,98.3774651,78.21722846,84.82843137,72.46875,0.350188679,3071.713636
2010-09-01,101.0525471,101.762849,103.1940904,99.74475429,1.429090909,101.2979328,98.73624769,501.6558636,98.21941792,99.42530967,152.265,101.7230957,98.75644142,502,99.09033634,78.6744186,85.62711864,73.02054795,0.120676692,2874.929545
2010-10-01,101.2825739,102.1367494,103.8578927,97.04584205,1.427380952,98.27434515,101.4822485,472.7783333,101.2494886,96.66253823,151.8790476,99.23952548,101.3881663,471.99,101.471066,80.65271967,88.28484848,73.20560748,0.281359223,2927.456667
2010-11-01,101.3211809,102.4126603,104.6119655,97.4205069,1.437636364,98.68865621,100.5597264,481.9433182,101.0024876,97.84833629,150.5468182,100.4498695,100.5180112,480.17,100.4032081,81.16309013,88.96732026,73.50364964,0.227093023,2910.310455
2010-12-01,101.6066301,102.8010225,105.2076947,97.72734726,1.464173913,99.12784308,98.68649805,496.7113913,99.92996127,98.64461006,152.6678261,100.557697,98.87910545,496.18,98.43516023,82.11740891,90.5625,73.85135135,0.16475,3060.02087
2011-01-01,101.7637918,103.2524343,106.2520137,95.86298573,1.50347619,97.28723267,99.13902102,491.3985238,99.80789031,97.37580147,152.5385714,101.0557774,99.25177336,491,98.87817737,80.96,90.50588235,70.11842105,NA,3164.863
2011-02-01,102.1956747,103.7653726,106.9282766,92.22492919,1.52045,94.48266142,100.4318783,480.89675,100.9634834,96.42120361,152.7785,100.5566928,100.4013972,480.59,100.0103427,81.05555556,89.8,71.4,0.550869565,3472.27
2011-03-01,102.9281962,104.369959,107.2750768,90.89633586,1.525347826,93.55213413,101.7258658,468.6392174,103.0836859,95.1449312,155.0617391,98.86780043,101.5941736,468.57,100.6803109,83.48979592,91.2195122,73.10810811,0.377333333,3392.966957
2011-04-01,103.418494,104.8662743,107.7835173,89.34642973,1.508714286,91.99264367,103.0409518,453.931619,108.3804159,92.91288959,154.6047619,96.95042095,102.9128495,454.21,101.5533451,83.46846847,93.52941176,74.6,0.452142857,3134.367
2011-05-01,103.6685463,105.1942303,108.2684473,90.17214896,1.510090909,93.62258142,102.5674077,458.8061818,104.6728457,92.51898763,155.955,96.83286523,102.5015727,457.16,101.1915068,82.11363636,89.87301587,74.0625,0.159736842,3070.764286
2011-06-01,103.5834284,105.2546377,108.6220849,90.01101827,1.515727273,93.93798903,102.6464498,456.1674091,103.1234881,92.50354638,155.4645455,97.65530045,102.5735668,455.89,101.4219676,80.00595238,87.35802469,73.73134328,0.3,3015.638636
2011-07-01,103.607856,105.4501012,109.1621816,89.90857961,1.513238095,94.08952783,101.7887494,459.7290952,101.8629154,94.08631235,152.4609524,99.85731929,101.8682588,459.86,100.9355837,77.84563758,84.76666667,72.25301205,0.231931818,3167.18381
2011-08-01,103.8390309,105.7907552,109.7234335,89.79515555,1.525652174,94.46513456,102.3938216,458.2720435,102.4339584,93.50067537,153.8378261,100.1987235,102.2814267,457.33,101.3106923,76.89230769,83.31506849,71.32954545,0.166393443,3064.308261
2011-09-01,104.0360581,106.133842,110.3608268,91.26497871,1.559954545,96.17880078,101.2306186,477.8924545,101.1277181,94.0448815,156.6468182,101.4213039,100.8140149,476.37,99.8711026,78.37356322,85.39759036,72.45833333,0.159183673,2873.884091
2011-10-01,104.1032315,106.3828374,110.9761891,90.45701599,1.613904762,94.92817213,101.6331596,478.5401905,101.1981715,95.9115911,160.0380952,100.2037412,100.929185,478.58,99.73112144,79.93406593,87.20833333,72.91803279,0.221515152,2680.043333
2011-11-01,104.0469972,106.4859917,111.4005076,90.1606054,1.621590909,95.00301059,101.1296661,484.8877273,100.6079944,94.80064912,158.7586364,101.3234016,100.444972,483.9,99.19174174,81.4964539,90.71052632,73.51851852,0.2195,2527.426364
2011-12-01,104.0523483,106.607298,111.7554608,90.32374614,1.640590909,95.82092102,99.90635204,499.6229091,99.17241862,94.40346771,162.3345455,100.9396816,99.22627673,497.73,97.88808844,81.61842105,90.81553398,71.29508197,2.146,2196.845238
2012-01-01,104.1922872,107.0138139,112.6991231,88.63652573,1.688636364,93.92930958,98.33998765,508.9067273,97.43166088,94.42101723,161.3318182,104.4592975,97.730699,508.3,96.10002133,81.57276995,91.30708661,71.77083333,0.055714286,2307.62
2012-02-01,104.6283605,107.4031475,112.9942774,84.08688907,1.699190476,89.34389584,99.13413746,496.5161905,98.0137874,93.32336281,158.7209524,104.5831352,98.41559916,496.03,96.98285201,82.08522727,91.43478261,73.55238095,0.307272727,2356.24
2012-03-01,105.2737527,107.9820393,113.4391724,82.96650463,1.743681818,87.8843183,99.36723851,497.4141818,97.77065561,93.94888936,157.6972727,107.0418132,98.6731022,496.9,97.35496835,83.84455959,92.12844037,75.81818182,0.186923077,2359.250455
2012-04-01,105.5794418,108.3302772,113.8731451,80.30080057,1.813666667,85.4598735,99.51987287,498.9451429,97.26561586,94.37738487,157.4733333,107.3735776,98.63723519,498.38,97.44389727,82.7260274,90.34306569,74.83846154,0.213773585,2266.7825
2012-05-01,105.4665884,108.3032073,114.0189269,78.12086749,1.886130435,83.29638182,98.67137875,513.9946957,96.37974639,95.81471032,158.496087,109.4481637,97.5588714,512.91,96.67278861,81.10843373,89.47572816,73.65384615,0.409285714,2313.934348
2012-06-01,105.2519331,108.1946376,114.1241174,77.24819362,1.920190476,82.74486683,98.07966734,523.7048095,96.52639623,96.84836133,162.4009524,109.48157,96.85928822,523.66,95.95803575,78.53608247,84.54716981,72.73770492,0.367083333,2264.209524
2012-07-01,105.1079472,108.2591374,114.6087107,76.21120589,1.951636364,82.24471768,96.69761763,534.4759545,95.56639011,97.07281232,161.34,110.5788043,95.59781307,533.8,94.79969481,77.60150376,83.43589744,71.74193548,0.202115385,2349.818636
2012-08-01,105.5517672,108.7707163,115.2568221,75.40940638,1.94626087,81.97999826,97.03239985,529.4436087,95.95380432,96.73997873,158.7965217,111.9628274,95.92918055,529,94.99409337,76.62433862,83.27868852,70.90082645,0.054693878,2512.26087
2012-09-01,105.8999824,109.2087551,115.8758534,75.05722911,1.9087,82.01454168,98.87703671,510.0108,97.97554298,95.59516058,157.7385,111.753652,97.73483323,510.25,96.3052753,78.06849315,85.44036697,72.58940397,0.15505618,2620.284
2012-10-01,106.0158211,109.4528367,116.3783416,75.42325019,1.886695652,83.23464549,99.29714351,506.7578696,98.64335063,95.21139024,157.2086957,112.2736817,98.13790086,505.59,96.79578123,79.16447368,87.33333333,73.07438017,0.383428571,2463.535652
2012-11-01,105.7222272,109.3752457,116.7359913,75.50144728,1.888636364,83.97452449,98.86200102,512.2093636,98.19467528,95.73743914,157.5304545,113.348312,97.71172679,511.36,96.28707994,81.0375,90,74.25581395,0.316111111,2478.164545
2012-12-01,105.7015833,109.5914705,117.4295008,75.73291932,1.895047619,84.52062949,100.1887301,500.9529048,99.7261414,95.2867899,157.2185714,113.2307302,99.02323775,499.99,97.80937386,81.57407407,89.46153846,73.31818182,NA,2410.3425
2013-01-01,105.6715618,109.9285216,118.5061944,74.9055178,1.903,84.65858101,100.9800639,494.4465652,100.4826361,94.92835084,156.8313043,113.6363746,99.82748697,493.64,98.54000008,82.52136752,92.92307692,71.625,0.12,2275.436364
2013-02-01,106.196193,110.5584407,119.3482662,74.66363474,1.90715,84.61474123,101.5945997,493.0404,100.9215274,95.13546677,157.4455,113.7598915,100.3941004,491.02,98.85978927,83.95333333,94.60344828,74.52702703,0.751333333,2197.704
2013-03-01,106.5487194,110.8344662,119.470144,74.78140518,1.929428571,85.21212251,99.95144329,507.4717619,99.05098893,96.09932834,158.3442857,115.0800014,98.77948685,506,97.42104485,84.02941176,93.05102041,74.77419355,0.345555556,2153.359
2013-04-01,106.5295369,110.9927708,119.986081,73.74954356,1.953136364,84.69827664,100.2501641,504.9181818,99.25436559,95.86895768,158.1659091,115.4016295,98.99619617,503.58,97.56350138,82.93854749,92.47368421,73.984375,0.294893617,2294.488636
2013-05-01,106.6978255,111.1875969,120.2343797,73.23418946,1.988434783,84.64635479,100.2656455,506.5007826,98.70390917,95.9266204,158.02,116.7182998,98.83920402,505.28,97.4178758,81.73648649,88.86956522,72.14814815,1.0596,2345.729091
2013-06-01,106.8144019,111.4707392,120.8531483,72.49535936,2.0092,84.42976992,102.0084797,497.88655,100.2509482,96.2065166,160.1265,115.8629395,100.225673,497.36,98.59177149,79.78571429,86.43478261,73.75,0.157222222,2283.5835
2013-07-01,106.8653298,111.7396004,121.5611398,72.72443407,2.050173913,85.34444212,101.8505094,502.1511304,99.96143007,96.78664485,161.103913,116.3467033,100.0568346,501.49,98.12264849,77.45283019,84.15,72.56862745,0.106875,2308.52913
2013-08-01,107.0341134,112.0655329,122.2037236,72.53753833,2.115454545,85.67187697,103.3522978,493.4648182,101.5234952,96.85082763,160.9736364,116.0853727,101.4202685,492.85,99.35077209,76.92857143,82.94594595,71.85714286,0.013333333,2483.607273
2013-09-01,107.1751735,112.4448058,123.0629895,72.21988911,2.175809524,85.93039811,103.5366357,492.5124286,101.9647371,96.60797068,161.9204762,115.4517657,101.5377099,491.43,99.45845882,78.24444444,84.49019608,72.54545455,0.185,2616.051429
2013-10-01,107.0618512,112.6277579,123.8429275,71.20091836,2.192521739,86.09755153,104.5177223,482.4135652,102.6909443,95.52891397,159.9895652,116.2395946,102.4675683,481.08,100.5465214,79.66013072,86.76923077,72.94736842,0.313478261,2730.696957
2013-11-01,106.9689001,112.7807808,124.4915823,69.65901889,2.250809524,84.96822585,104.263953,487.3080952,101.7524916,96.13714717,158.842381,118.6209198,102.0819037,486.15,100.1407525,81.2173913,90.33333333,73.44444444,0.374166667,2755.173333
2013-12-01,107.0981034,112.9889627,124.858904,67.82116008,2.328272727,83.53173504,105.6191211,479.9965,102.6888832,95.8051329,159.1740909,118.5827202,103.1786689,478.67,101.0593708,80.42592593,89.66666667,69.05555556,0.06,2824.537619
2014-01-01,107.0294677,113.2645539,125.8281043,62.79016859,2.383695652,78.52258591,105.7284967,483.3519565,102.4398952,96.17981155,160.246087,118.7919267,103.0137403,481.96,100.7129602,81.02631579,NA,71.73333333,0.566,2819.429091
2014-02-01,107.3548951,113.7041226,126.4976651,58.88601244,2.50135,74.31820847,106.3027929,481.84535,102.7489972,96.29713182,163.994,116.3865225,103.3243309,480.26,100.991268,81.86086957,93.10526316,73.33333333,0.355,2994.364
2014-03-01,107.8191215,114.2037164,127.0685236,55.36781463,2.608809524,70.46295226,107.1363172,475.8054286,103.3154856,95.94912241,164.6857143,116.8039533,104.0056249,474.56,101.5033984,82.34408602,93.16666667,74.55882353,0.195,3041.666667
2014-04-01,108.3427741,114.7914571,127.7853999,51.06370013,2.767136364,65.66962038,107.0608318,476.2875909,102.9483354,95.84108831,162.1586364,119.3975227,103.7762829,474.9,100.8274321,82.88034188,91.20930233,74.25,0.309583333,3050.613333
2014-05-01,108.5430812,115.1595056,128.4914435,49.29896585,2.918340909,63.85390616,106.5197255,479.0663182,102.8337227,95.68478404,161.8840909,120.4056073,103.2305022,477.68,100.5741062,81.81165919,88.97938144,74.27819549,0.244444444,3029.994762
2014-06-01,108.6413422,115.433064,129.1182221,47.67783253,3.146714286,62.41519761,105.9888522,483.303619,101.9061875,95.98092958,163.0371429,120.7194857,102.6429016,482.59,99.40212006,80.02068966,87.23684211,73.96666667,0.536666667,3174.327619
2014-07-01,108.5769877,115.6896592,130.0215231,47.26419429,3.464608696,62.54690577,105.7314666,486.3972609,101.9413006,96.1565482,162.2095652,121.644433,102.4849832,484.49,101.135459,78.16666667,83.76851852,73.03191489,0.187580645,3196.040435
2014-08-01,108.5847598,115.9235419,130.7110135,46.06456814,3.816238095,61.73297201,105.039729,494.6172857,101.3681735,96.77481233,161.977619,122.6623333,101.6007551,492.6,100.0578723,77.0861244,83.19379845,71.80991736,0.261216216,3270.269048
2014-09-01,108.6624922,116.249262,131.5364229,45.7243199,3.541181818,62.09465037,103.4503725,509.8075,99.37454105,97.80432889,162.9872727,123.2935623,99.96107765,508.44,98.51554136,77.90607735,84.78217822,73,0.233783784,3220.791364
2014-10-01,108.5311511,116.4492817,132.4041266,46.2018252,3.223956522,63.83409629,102.8345217,519.1641304,98.99171243,98.60977356,164.806087,123.2436509,99.20365961,517.61,97.5337939,79.44559585,87.15929204,73.33571429,0.243979592,3100.826957
2014-11-01,108.1758354,116.4281736,133.0564641,46.60812667,3.20885,65.18682079,102.4991204,527.71075,98.67153429,97.88399634,171.9955,120.153948,98.6878503,525.94,97.62712784,80.47972973,89.15789474,73.43037975,0.164,2909.091
2014-12-01,107.8707777,116.5513046,134.0424164,47.0589976,3.208521739,66.55845576,102.8993686,534.8903478,98.67661946,93.18031085,182.0673913,115.7348933,98.72017018,531.94,97.72661386,81.47560976,89.74468085,73.45454545,0.19952381,2957.66
2015-01-01,107.287832,116.6842878,135.6208197,47.38268136,3.277545455,67.94377698,99.46975104,566.1145,95.84586641,94.53894638,186.12,116.1457516,95.40000182,564.44,94.59914458,81.84615385,90.39130435,72.31506849,0.201428571,2921.053333
2015-02-01,107.6668142,117.4411785,137.1404812,44.61434799,3.42965,64.58111886,98.81658462,580.2903,94.65215746,95.59926156,198.409,109.194149,94.29294726,577.95,93.58521456,82.99047619,96.33333333,74.99130435,0.284545455,2946.825
2015-03-01,108.1985939,118.1523112,138.2135149,42.28576347,3.632545455,61.72505612,96.80137141,609.0344545,92.71237492,83.60230161,199.3590909,111.0798745,92.34002807,605.26,91.53295594,83.6196319,92.75714286,74.51515152,0.421041667,2882.232273
2015-04-01,108.4849152,118.7060305,139.3069448,41.08820574,3.831863636,60.66780467,96.13621175,609.0914091,91.39812256,83.39818004,198.9586364,111.6121727,91.72424506,608.53,91.02679581,83.74054054,92.27173913,74.83516484,0.305,2868.274762
2015-05-01,108.8605435,119.3767969,140.573394,39.12775628,3.957761905,58.27826008,98.25892311,589.3717143,93.52391133,82.6253884,198.8564286,112.245026,93.56914804,588.33,92.79755637,82.37378641,90.36144578,74.55813953,0.290793651,3095.998
2015-06-01,108.9874669,119.998947,142.1952204,36.14817221,4.276227273,54.46910517,99.54472652,585.7407273,94.76059083,82.8923227,198.7918182,113.1975873,94.24766786,584.99,93.52894508,79.29861111,85.86206897,73.16161616,0.447014925,3239.021364
2015-07-01,108.9063616,120.6364007,144.2832537,45.64361244,3.642847826,70.04423232,98.48472059,597.3342609,93.57292031,83.46954364,198.82,114.6176433,93.35091796,596.55,92.62862728,78.31168831,84.6,72.84337349,0.274,3325.960435
2015-08-01,108.862966,121.4326379,146.774471,40.87221432,4.057757576,63.0128289,101.0642023,587.7659957,96.11495446,84.8579369,198.8805195,116.6170638,95.58507316,588.88,94.40090917,77.76404494,84.17475728,72.58035714,0.07375,3153.049524
2015-09-01,108.7679236,122.2073001,149.3048343,43.3680623,3.904231405,67.75596443,102.40877,582.8974587,96.58805159,85.60371967,199.0881405,118.0492475,96.75029296,584.57,95.73734179,78.828125,85.80327869,73.10126582,0.115862069,3278.455
2015-10-01,108.8176506,123.1684621,152.1058955,42.4295131,3.794,67.4336202,102.2588705,587.4127273,96.39470809,85.16848465,199.0981818,117.7690664,96.46654081,583.85,95.49104632,80.4516129,89,NA,NA,3198.301818
2015-11-01,108.5609212,123.9780999,155.0682859,43.05874996,3.8165,69.27448705,99.5420833,614.2635476,94.02612717,86.28459816,199.0152381,120.4661981,93.99830848,610.99,92.85447117,82.79591837,91.64285714,75.45454545,0.051666667,3360.840476
2015-12-01,108.4104807,124.7892616,157.7927061,43.25431426,3.815695652,70.41407964,101.0482712,602.9108696,95.4869832,86.88602745,199.0904348,122.1564896,95.43665114,603.06,94.31150054,81.48275862,91.8,71.17931034,1.97,3345.650909
2016-01-01,108.0881498,125.6918571,161.1681851,43.42094243,3.89147619,72.60774862,102.2981044,605.5508095,95.99444625,88.18277163,199.0914286,125.2883345,96.33061596,604.03,95.40459932,83.21596244,93.22727273,73.03731343,0.021111111,2952.42
2016-02-01,108.2371305,126.9500347,164.6653682,42.60365338,3.956428571,71.66113965,103.8892171,590.810881,97.61237818,87.62223575,198.98,126.5634507,97.30763938,591.33,96.05358781,86.02614379,96.28,76.22580645,0.083333333,2916.365714
2016-03-01,108.6903798,128.4315406,168.2223218,42.53968576,3.85073913,72.51277575,103.1576868,590.1488,96.75819236,86.8963346,199.0765217,128.198587,96.73215371,590.97,95.32448429,84.86163522,94.70769231,75.48913043,0.315098039,3073.518182
2016-04-01,108.9927764,130.4519099,173.710522,42.32709236,3.829904762,72.62541209,103.9745673,579.4487429,97.7885872,85.81831855,199.0059524,129.0551805,97.48080358,578.49,95.85327606,84.64880952,92.8452381,76.51162791,0.2135,3078.495238
2016-05-01,109.3331862,133.2589712,181.4967185,42.67655694,3.844386364,73.93888258,104.2850652,582.7308182,98.35256244,86.31267562,198.9956818,134.036588,97.7611377,579.92,96.29502897,82.00909091,90.12592593,75.29054054,0.366630435,3098.658571
2016-06-01,109.540142,136.6043711,191.1774458,42.24735294,3.919818182,73.79392716,104.0665092,586.4160909,96.6428333,73.72580685,233.0409091,119.1720991,97.86246252,584.17,95.81092055,79.60337553,86.5030303,73.09448819,0.337352941,3122.516818
2016-07-01,109.4089786,138.3637078,196.7531257,42.17453632,3.944904762,74.06856447,103.4869305,597.5749048,95.50923229,58.49861281,292.192619,92.59774214,97.84060922,592.63,95.65578021,78.36328125,84.51412429,72.95833333,0.252421053,3049.975238
2016-08-01,109.4835202,139.9470004,201.382028,41.81755865,3.953586957,73.84181592,104.0862292,590.444587,95.28488337,55.22555735,321.0271739,84.62990609,98.39965787,585.06,96.21275272,77.50179211,83.68023256,72.41573034,0.1123,3033.183043
2016-09-01,109.637473,142.239677,207.9919689,41.75975568,3.955568182,74.56900433,104.2840615,590.7913636,95.47760561,56.16064741,315.7784091,85.41643341,98.53182241,585.04,96.10829618,78.86821705,85.66666667,73.2994012,0.292,2881.187273
2016-10-01,109.8768192,144.4693024,214.2391533,42.15071247,3.979705628,75.66335691,103.5738943,599.4249199,94.56217274,56.85916562,314.3631602,91.09565048,98.08386079,594.92,95.35811313,80.63178295,88.55384615,73.99310345,0.239642857,2711.349524
2016-11-01,109.742965,147.5458989,223.7966216,42.84713287,4.065394628,77.61093226,103.309605,612.3591219,94.21803685,57.66318665,315.1288017,93.84869318,98.03975169,607.43,95.19300509,82.73706897,91.55900621,74.65714286,0.159649123,2500.479091
2016-12-01,109.9048416,152.1840663,237.4707946,42.16680227,4.243579545,77.21576611,102.382445,623.5696023,92.74601527,58.41112488,315.4465909,95.78010045,97.386221,622.18,94.37539511,81.49253731,90.70114943,73.35869565,0.095,2287.801905
2017-01-01,110.048661,152.7972743,239.4793252,40.6199919,4.293238636,74.93182747,102.7788587,619.7429886,93.51827691,58.28005005,314.1459091,96.15720273,97.68226934,617.99,94.36587681,82.56730769,92.55223881,72.90977444,0.28625,2195.854286
2017-02-01,110.3547362,153.2246959,240.1554316,39.0568426,4.462375,72.88104137,102.4381629,618.309475,93.61936876,57.83045946,313.764,96.08537775,97.32959553,616.35,94.20043641,84.26086957,94.10810811,75.40559441,0.267666667,2034.0815
2017-03-01,110.5373617,153.505104,240.6629046,38.06003223,4.531847826,71.58147823,102.7639313,615.8561087,92.92282714,57.58023042,314.7426087,98.04812696,97.66047329,613.92,94.33534407,83.69491525,93.92592593,75.5952381,0.339672131,2057.800435
2017-04-01,110.9168152,153.9842401,241.2929887,40.55453726,4.209875,76.96597412,102.5859902,614.552325,92.8523097,57.41466589,311.465,99.2946475,97.68641621,611.75,94.33769226,83.45606695,92.45604396,75.3853211,0.240178571,1961.157368
2017-05-01,110.980469,154.1211115,241.6303353,39.77086456,4.288695652,75.81004238,104.6552596,595.4992174,94.87011989,57.05700317,317.3193478,98.93910587,99.54562506,593.22,96.08098589,82.15234375,90.54385965,74.65034965,0.434901961,1983.485
2017-06-01,111.008404,154.1995498,241.8537099,38.55548461,4.390454545,73.81842193,105.4871256,585.7164545,96.03871321,56.57455866,322.4875,99.77413545,100.0799356,584.14,96.43011202,80.1173913,87.23026316,74.17763158,0.397985612,1998.247727
2017-07-01,110.9560274,154.3454729,242.6362437,37.88856341,4.397666667,72.89552044,107.0561605,573.5844048,96.23544949,56.11407552,321.2030952,100.6697967,101.4321481,569.85,97.66803539,78.43902439,84.28358209,73.10625,0.290102041,1988.579524
2017-08-01,111.2348686,154.7620227,243.3635532,37.22046173,4.428391304,71.94101008,108.47207,560.4567826,97.20709976,55.47009706,358.9265217,100.1769817,102.445594,555.58,98.64713148,77.24892704,82.76397516,72.21212121,0.09258427,1988.556957
2017-09-01,111.5479701,155.2041003,244.0750421,36.73967883,4.421857143,70.76652649,108.6862452,559.8761667,97.4101555,54.92146129,357.4728571,98.18691833,102.4199526,550.55,98.50370698,78.57939914,85.36305732,72.93835616,0.170543478,1998.297619
2017-10-01,111.5705864,155.4832101,245.1399356,37.30548181,4.391522727,71.46702262,108.3165496,573.1547955,96.61328418,55.51272941,358.1397727,99.17072636,102.1591077,557.98,98.06448138,80.97297297,89.06024096,73.84126984,0.250265487,2097.054545
2017-11-01,111.6014916,155.7403422,246.0855616,37.26949405,4.506159091,72.28312792,108.4199029,576.4217955,95.85455957,55.54515957,358.7379545,100.3610684,102.2804339,558.83,97.90063157,81.21621622,90.00961538,73.70212766,0.165714286,2127.900909
2017-12-01,111.7376813,156.0417656,246.8425162,36.86608457,4.493612245,72.01536813,108.6956571,573.0486395,96.18596194,55.08616171,360.0455782,100.2933886,102.4709044,554.2,97.83620682,81.56870229,90.11917098,73.49704142,0.223225806,1917.6835
2018-01-01,111.8528761,156.4730627,248.2058293,35.94294339,4.50402795,66.3552444,110.4262373,553.0465553,97.64945559,53.96670476,360.0328199,98.80093783,103.1183232,537.69,98.3313684,82.11787072,91.68,72.09302326,0.748333333,1951.968182
2018-02-01,112.2227269,157.0541043,249.2875281,35.62717672,4.466525,66.08132004,111.4684146,549.61604,98.22163072,53.42736845,360.22565,98.51340325,103.3113039,531.23,98.3251319,84.76293103,94.67455621,76.43478261,0.283846154,2122.799
2018-03-01,112.4845276,157.2145038,249.0244751,35.73811155,4.424431818,66.31381556,111.6450808,550.4203561,98.64936846,53.52222642,360.0435606,99.44214727,103.3916216,531.73,98.30455107,83.21969697,92.48888889,75.4556213,0.212957746,2503.950952
2018-04-01,112.8147298,157.6459092,249.6320628,35.91604203,4.437809524,66.58889013,111.6107722,550.990746,98.21734667,53.66997516,359.930873,100.562801,103.2623614,534.33,98.10910347,83.34801762,91.48850575,75.51677852,0.266607143,2624.735714
2018-05-01,113.2399356,158.1611638,250.2492487,36.6542861,4.555021739,68.02680585,110.2368957,567.2613913,95.95438154,54.77785429,361.2060145,103.717155,101.8269626,555.32,96.63117107,80.89243028,88.6954023,74.05487805,0.488703704,2659.936818
2018-06-01,113.3468999,158.5825646,251.6012285,36.69149748,4.710404762,68.10305956,110.3116023,574.7675238,96.0232434,55.42110603,361.2238095,104.9906929,101.8456333,561.69,96.47156279,79.492,87.05806452,73.36206897,0.276821705,2410.759524
2018-07-01,113.4150545,158.8793053,252.5781198,35.78135423,4.758795455,66.47785889,111.5528648,571.6634318,97.26455004,56.44636312,361.5497727,109.4067718,103.3150074,561.33,97.71872362,78.29257642,84.68421053,73.5,0.248018868,2357.047273
2018-08-01,113.6741831,159.3824489,253.7298176,35.87815727,4.771086957,67.06788877,111.880419,578.5249348,98.06419011,57.31978323,362.2754348,111.9977539,103.759166,567.98,97.78956582,78.19354839,85.09090909,72.48780488,0.250163934,2171.61
2018-09-01,113.7752262,159.9120462,255.5459615,35.72724146,4.8415,67.2606504,113.4881765,578.761175,98.84150995,57.48149151,362.69575,112.760242,104.8477267,562.63,99.02319421,78.56684492,85.79032258,73.51162791,0.243333333,2195.088
2018-10-01,113.995164,160.3999969,256.7731958,35.57952695,4.873130435,66.92206127,112.7190988,585.1239783,97.98200665,57.84110656,363.3819565,113.9916728,104.0689725,571.19,98.44185065,80.20183486,88.05833333,73.74522293,0.262982456,2134.200435
2018-11-01,113.6879438,160.0770641,256.5295514,35.59862502,4.850340909,67.33270154,111.9354898,595.4082045,97.02172549,57.76599325,363.5068182,115.0497711,103.171353,577.08,97.87169595,82.29787234,90.80916031,74.6031746,0.233773585,2185.036364
2018-12-01,113.475113,159.8706006,256.4315036,35.36097274,4.917880952,67.45856948,111.9380961,581.0159784,97.35297123,57.52547806,364.1235714,115.5056519,103.015653,576.2,98.01955615,83.13537118,91.64848485,73.86614173,0.117272727,2208.406
2019-01-01,113.2965651,159.938907,257.3395228,NA,4.942543478,NA,NA,587.2653458,NA,57.6010629,362.6832609,115.2792737,NA,574.57,NA,84.152,93.25280899,74.84444444,0.150555556,2263.335909
2019-02-01,113.6883465,160.5876962,258.6218789,NA,5.293925,NA,NA,593.1781,NA,57.42018773,360.87325,115.668475,NA,577.88,NA,84.524,93.58730159,75.86184211,0.441515152,2255.803
2019-03-01,114.1634289,161.163269,259.311061,NA,5.510785714,NA,NA,589.9804048,NA,57.46420554,359.7921429,116.1662871,NA,580.37,NA,84.17518248,93.95522388,75.52023121,0.2172,2200.485714
2019-04-01,114.7305672,161.9183348,260.4124621,NA,5.223795455,NA,NA,595.4680227,NA,57.51792768,359.9463636,117.1681386,NA,583.68,NA,83.85815603,92.74444444,75.96097561,0.363271028,2331.131429
2019-05-01,114.9109493,162.2571579,261.1673443,NA,5.275717391,NA,NA,590.9005,NA,58.15986518,360.2232609,119.8137004,NA,586.48,NA,81.98305085,90.72906404,75.16176471,0.339761905,2315.076364
2019-06-01,114.9225158,162.2941776,261.2784574,NA,5.425725,NA,NA,581.840725,NA,58.54578843,360.204,120.5197995,NA,580.83,NA,79.94672131,86.91891892,74.48387097,0.334855072,2407.73
2019-07-01,115.0156693,162.6453672,262.3908237,NA,5.407115942,NA,NA,586.2323043,NA,57.72450646,360.458913,121.4737107,NA,584.72,NA,78.69536424,84.95945946,73.72820513,0.153119266,2416.53087
2019-08-01,115.1203074,162.9685902,263.348128,NA,5.459878788,NA,NA,590.3435909,NA,58.7303317,362.0195455,124.578875,NA,589.56,NA,78.08143322,84.68312757,72.81526104,0.075890411,2194.697273
2019-09-01,115.120864,163.2131351,264.3488772,NA,5.501904762,NA,NA,597.4420714,NA,58.96337089,361.5578571,125.8433064,NA,596.11,NA,78.87096774,86.23684211,73.69005848,0.2499375,2304.40381
2019-10-01,115.3292479,163.779441,265.9380261,NA,5.484065217,NA,NA,594.8092609,NA,58.65818146,361.6373913,125.8633593,NA,593.49,NA,79.38410596,87.36601307,73.47593583,0.369148936,2435.271739
2019-11-01,115.2358334,163.9628092,267.0184238,NA,5.580904762,NA,NA,594.0407619,NA,58.40962998,361.7371429,126.3970464,NA,593.58,NA,82.24642857,91.26973684,74.5,0.198181818,2519.663333
2019-12-01,115.3089756,164.310601,268.1872367,NA,5.767318182,NA,NA,591.3400985,NA,58.18339886,362.1769697,126.671722,NA,590.24,NA,82.80408163,92.63225806,74.36125654,0.250833333,2444.70619
2020-01-01,115.3228487,164.7639776,269.9974251,NA,5.65373913,NA,NA,591.682471,NA,58.67557221,362.3992029,126.9981772,NA,590.93,NA,82.80633803,93.71144279,72.45673077,0.140909091,2603.073182
2020-02-01,115.5339899,165.1485594,270.8317533,NA,5.389875,NA,NA,602.28075,NA,59.11950951,363.01325,129.1618198,NA,601.52,NA,85.81775701,95.97126437,76.33552632,NA,2716.2105
2020-03-01,115.4406803,164.9652038,270.4081052,NA,5.599795455,NA,NA,593.5995909,NA,57.09253475,371.6272727,125.9483645,NA,592.91,NA,84.6,93.76415094,76.6374269,0.323611111,2338.471818
2020-04-01,115.0961755,164.6954549,270.5137837,NA,5.793022727,NA,NA,604.034,NA,51.60596249,387.7752273,115.5792368,NA,603.91,NA,83.58754864,92.26344086,75.77848101,0.25328125,2270.241429
2020-05-01,115.0810107,164.5937397,270.1499614,NA,5.779690476,NA,NA,601.911,NA,51.52993427,387.8107143,117.3314771,NA,601.69,NA,83.23188406,91.6,75.68823529,0.284690265,2315.988
2020-06-01,115.4188238,165.1005838,271.0401036,NA,5.785068182,NA,NA,586.1187045,NA,51.25666456,387.6243182,116.597015,NA,582.84,NA,80.33088235,87.20379147,74.16062176,0.360197368,2228.356818
2020-07-01,115.593165,165.6954527,272.866095,NA,5.767543478,NA,NA,574.7513696,NA,47.96748956,388.5452174,111.516263,NA,572.22,NA,78.31428571,84.10460251,72.97309417,0.138653846,2101.742609
2020-08-01,115.727151,166.0129346,273.6966448,NA,5.767190476,NA,NA,554.2230714,NA,46.65273051,385.1164286,109.9141081,NA,554.58,NA,78.23272727,85.59821429,71.26315789,0.069583333,2348.675714
2020-09-01,115.7345602,166.2862043,274.7910741,NA,5.783181818,NA,NA,556.4203182,NA,46.41799004,383.8654545,110.7182539,NA,556.25,NA,78.91101695,86.46195652,72.96551724,0.1953,2457.895909
2020-10-01,115.8300809,166.7219954,276.2421844,NA,5.81175,NA,NA,557.3707955,NA,46.21377011,382.2961364,111.7537618,NA,557.07,NA,80.24187726,87.88709677,73.28,0.293028169,2292.055909
2020-11-01,115.7082308,166.8043455,277.0085378,NA,5.84147619,NA,NA,554.8840238,NA,45.70093208,384.592619,112.5111955,NA,554.12,NA,82.00722022,90.73423423,74.16203704,0.302197802,2358.185238
2020-12-01,115.8056549,167.2306469,278.4140367,NA,5.864347826,NA,NA,539.7032174,NA,44.95990167,388.5641304,112.1308317,NA,539.01,NA,82.51778656,90.87264151,74.82564103,0.133658537,2407.201364
2021-01-01,116.2764111,168.0474836,280.1077714,NA,5.848357143,NA,NA,538.5711905,NA,45.31210092,384.3659524,112.8829495,NA,538.96,NA,82.77165354,91.64912281,74.11794872,0.270967742,2391.4065
2021-02-01,116.6700148,168.7883676,281.7615342,NA,5.8022,NA,NA,542.3259,NA,45.07934503,387.246,113.986692,NA,542.21,NA,84.47096774,93.51937984,76.42307692,0.695454545,2405.4415
2021-03-01,117.2612629,169.5434747,282.7785491,NA,5.741173913,NA,NA,551.2445435,NA,45.63807386,408.0904348,116.2582439,NA,551.27,NA,82.82432432,91.73743017,74.98051948,0.36030303,2462.466522
2021-04-01,117.7449728,170.2594121,284.0129398,NA,5.773613636,NA,NA,548.9641818,NA,45.58873264,409.185,117.2616814,NA,547.58,NA,83.765,92.20245399,76.31617647,0.246428571,2368.332857
2021-05-01,118.3064089,171.0667466,285.3487144,NA,5.775095238,NA,NA,539.8201905,NA,43.04186779,410.3504762,110.682359,NA,540.06,NA,83.26938776,91.40487805,75.99444444,0.228813559,2412.863
2021-06-01,118.887698,171.8215415,286.3991908,NA,5.821113636,NA,NA,543.2075,NA,42.10340024,410.4022727,108.0541295,NA,544.49,NA,81.48809524,88.90510949,74.99099099,0.111666667,2366.233636
2021-07-01,119.2719843,172.6830537,288.5803232,NA,5.914136364,NA,NA,554.6374318,NA,42.08156447,410.9781818,110.122607,NA,554.87,NA,79.16509434,85.74509804,73.4522293,0.396216216,2327.1
2021-08-01,119.5875598,173.2679721,289.8688822,NA,5.9825,NA,NA,557.2639091,NA,42.05264269,411.1036364,109.6230314,NA,557.23,NA,78.87817259,85.17283951,73.43262411,0.249078947,2484.311818
2021-09-01,119.9005472,173.9657273,291.6292785,NA,6.048590909,NA,NA,557.27175,NA,42.00696004,411.6909091,109.3415282,NA,557.3,NA,78.87763713,86.04519774,73.64739884,0.275960265,2558.093182
2021-10-01,120.6998231,175.4686098,294.9807537,NA,6.065579365,NA,NA,565.4105,NA,42.27921497,413.7283333,110.3518912,NA,565.41,NA,80.70588235,88.74666667,74.07189542,0.34990991,2567.569048
2021-11-01,121.2295332,176.6250136,297.8596341,NA,6.117265152,NA,NA,574.6220455,NA,42.59299728,414.0493182,112.1224473,NA,574.69,NA,82.12019231,90.45512821,74.19727891,0.267285714,2393.325909
2021-12-01,121.5828101,177.9509757,302.0545158,NA,6.165673913,NA,NA,580.3382391,NA,42.83631869,414.7330435,114.1057352,NA,580.3,NA,83.26506024,91.890625,75.19298246,0.951,2384.974091
2022-01-01,122.2948473,179.7050763,306.7431015,NA,6.238404762,NA,NA,579.2978571,NA,42.8469199,415.4547619,114.1154714,NA,579.75,NA,83.35353535,93.71830986,71.8627451,NA,2467.355238
2022-02-01,123.2824872,181.344468,309.991759,NA,6.502625,NA,NA,578.57725,NA,42.40282822,415.623,114.5739368,NA,578.35,NA,84.88590604,94.19166667,76.40449438,0.196666667,2550.945
2022-03-01,124.923657,184.3253257,316.4426447,NA,7.254804348,NA,NA,596.2976739,NA,43.06322016,416.1034783,116.9829265,NA,595.3,NA,84.1417004,92.92227979,75.62285714,0.211911765,2461.38
2022-04-01,125.7298704,186.3797902,322.0316993,NA,7.530690476,NA,NA,606.6892619,NA,43.50036139,415.6219048,119.4246852,NA,606.32,NA,82.9707113,91.05853659,74.42948718,0.361927711,2455.349
2022-05-01,126.7930748,187.8954192,324.5069962,NA,7.656113636,NA,NA,620.0733636,NA,44.6577634,415.7765909,124.2616657,NA,620.09,NA,81.94871795,89.96568627,74.71929825,0.440833333,2366.616818
2022-06-01,127.9480676,189.7976506,328.244818,NA,7.923045455,NA,NA,621.0732727,NA,45.22175551,416.9634091,126.2122298,NA,620.83,NA,79.79555556,87.37142857,73.11409396,0.613529412,2321.780909
2022-07-01,128.3062714,190.7085106,330.7200741,NA,8.160833333,NA,NA,643.9752857,NA,45.4143855,423.2421429,130.0258657,NA,644.43,NA,78.52,85.49032258,72.56097561,0.199,2239.582857
2022-08-01,128.60933,191.3308375,332.206074,NA,9.350478261,NA,NA,648.2172826,NA,45.11594229,426.9254348,131.2192039,NA,647.64,NA,76.88085106,83.09677419,71.51149425,0.161267606,2270.565652
2022-09-01,129.1741196,192.5283926,335.1303093,NA,10.125,NA,NA,662.12875,NA,45.29118538,434.7068182,133.1756825,NA,662.33,NA,77.82378855,84.11881188,72.75,0.378425197,2226.054545
2022-10-01,130.1837267,194.3746615,339.1500739,NA,11.99211905,NA,NA,666.6417143,NA,45.24655082,439.3264286,134.3522336,NA,667.6,NA,80.09313725,88.34682081,73.26760563,0.360263158,2245.005238
2022-11-01,130.2272555,194.9898289,341.5196897,NA,14.33802273,NA,NA,643.1078636,NA,44.01540643,443.4581818,131.8662061,NA,643.01,NA,81.94666667,90.44444444,73.92655367,0.329302326,2382.319545
2022-12-01,130.1124929,195.393984,343.5808039,NA,10.94890909,NA,NA,619.7637727,NA,42.54989406,449.6806818,129.2374623,NA,619.48,NA,82.14084507,91.69714286,73.45695364,0.184666667,2455.797619
2023-01-01,130.7545374,197.393589,349.5223999,NA,11.44052273,NA,NA,608.6253864,NA,41.66566955,461.0222727,126.8919164,NA,609.12,NA,83.1752988,93.40594059,73.00537634,0.235714286,2540.991429
2023-02-01,131.395369,199.2427367,354.8512525,NA,12.3627,NA,NA,612.1811,NA,41.20558823,461.09375,127.929683,NA,612.18,NA,84.28292683,93.48993289,75.87769784,0.208181818,2587.361
2023-03-01,131.9577613,201.1896111,360.8568072,NA,12.30469565,NA,NA,612.1725652,NA,41.44130185,460.8743478,130.2966896,NA,612.71,NA,83.14847162,91.92307692,74.60264901,0.210833333,2669.126957
2023-04-01,132.7014201,202.7121854,364.4846868,NA,11.418225,NA,NA,598.8536,NA,41.0370881,461.4186667,131.3640085,NA,598.08,NA,83.28286853,92.11818182,74.51445087,0.319259259,2823.433684
2023-05-01,132.9550347,203.3135672,366.0587274,NA,11.42784783,NA,NA,603.2006522,NA,41.36612784,463.3324638,134.9986617,NA,603.6,NA,82.6443662,90.92765957,74.75757576,0.25,2904.318636
2023-06-01,133.2724038,204.5207089,369.8926545,NA,11.31568182,NA,NA,605.7304091,NA,33.36522825,601.6656818,109.7890509,NA,605.13,NA,79.59003831,86.68867925,73.04145078,0.58373913,3124.218636
2023-07-01,133.5407493,206.7325559,378.0192373,NA,11.37988095,NA,NA,593.2469048,NA,24.45285228,775.527619,83.32992,NA,593.19,NA,79.17132867,86.04526749,73.6763285,0.3066875,3348.393333
2023-08-01,134.0720272,208.755879,384.4477553,NA,11.28021739,NA,NA,601.0115652,NA,25.01649083,766.908913,87.72072174,NA,601.31,NA,78.25,84.29387755,73.52017937,0.11875,3444.08
2023-09-01,134.3235496,209.9861583,388.6082038,NA,11.47564286,NA,NA,614.2060476,NA,25.25364131,769.1852381,90.90240833,NA,613.97,NA,79.21724138,86.45833333,73.53539823,0.196490066,3625.335714
2023-10-01,134.5353356,211.7766298,395.2057314,NA,11.75627273,NA,NA,620.9588636,NA,24.83408114,781.2322727,90.93038,NA,621.02,NA,80.81911263,89.29787234,73.97309417,0.342805755,3691.612273
2023-11-01,134.2200512,212.4147906,398.931878,NA,11.93945455,NA,NA,606.7287727,NA,23.77788365,815.5395455,88.6941625,NA,606.91,NA,82.45762712,91.30588235,74.68544601,0.418518519,4096.158182
2023-12-01,134.2292806,213.1376598,401.8638278,NA,12.00914286,NA,NA,601.9702143,NA,22.89206618,843.4155952,87.33266619,NA,601.63,NA,82.81578947,92.91729323,72.88311688,0.143333333,4253.875556
2024-01-01,134.5439788,215.0754727,408.705279,NA,12.04984783,NA,NA,600.8418261,NA,21.31004429,934.1944565,82.13078652,NA,601.51,NA,84.11666667,94.27924528,74.67073171,0.785789474,4947.7188
2024-02-01,135.1870694,217.2582864,415.3964935,NA,12.46166667,NA,NA,607.8579048,NA,12.85403369,1501.435714,50.9725719,NA,607.66,NA,85.9252669,96.37349398,76.81858407,0.156923077,5640.088095
2024-03-01,135.8332187,218.5731513,418.5160951,NA,12.93528571,NA,NA,603.1575476,NA,12.82086228,1517.838571,52.1649719,NA,603.33,NA,84.70980392,94.37563452,76.29145729,0.5375,7435.426
2024-04-01,136.3594631,220.0322678,422.6496827,NA,13.42309091,NA,NA,611.5625455,NA,15.87207953,1239.691136,66.23661545,NA,611.46,NA,84.88644689,93.60425532,76.13089005,0.285,9876.579545
2024-05-01,136.6373032,221.0701643,425.9296797,NA,14.21006522,NA,NA,607.088413,NA,13.77047075,1452.61,58.64398522,NA,606.68,NA,83.44363636,91.77631579,75.78534031,0.575,7763.369545
2024-06-01,136.7292444,221.7885883,428.5534662,NA,15.03275,NA,NA,609.56005,NA,13.0914118,1498.728,56.40597575,NA,609.68,NA,81.01115242,88.45495495,74.74752475,0.513571429,8380.1235
2024-07-01,137.0046852,223.3637857,434.0468536,NA,15.42295652,NA,NA,604.8713043,NA,12.20670941,1581.787609,54.39369,NA,604.9,NA,78.80412371,84.53441296,73.56818182,0.129734513,7164.618696
2024-08-01,137.1898775,224.3132046,437.2904791,NA,15.60461364,NA,NA,595.4271136,NA,12.06256668,1594.037955,54.88093727,NA,595.66,NA,77.47945205,83.32258065,72.18965517,0.091769912,6791.954545
2024-09-01,137.0775435,225.1138806,440.9715801,NA,15.69302381,NA,NA,590.8619048,NA,11.61590665,1632.94619,53.89686405,NA,590.63,NA,79.04210526,86.82403433,72.68949772,0.081941748,6421.822381
2024-10-01,137.4628573,226.5712034,445.594648,NA,16.00852174,NA,NA,601.8479783,NA,11.67040627,1639.960652,55.01920154,NA,601.56,NA,79.94117647,88.15322581,73.66995074,0.345238095,6582.857391
